"","year","month","neighbourhood","num_reviews","date"
"1","2015","01","Bijlmer-Centrum",1,2015-01-01
"2","2015","01","Bijlmer-Oost",3,2015-01-01
"3","2015","01","Bos en Lommer",42,2015-01-01
"4","2015","01","Buitenveldert - Zuidas",10,2015-01-01
"5","2015","01","Centrum-Oost",185,2015-01-01
"6","2015","01","Centrum-West",211,2015-01-01
"7","2015","01","De Aker - Nieuw Sloten",5,2015-01-01
"8","2015","01","De Baarsjes - Oud-West",204,2015-01-01
"9","2015","01","De Pijp - Rivierenbuurt",146,2015-01-01
"10","2015","01","Gaasperdam - Driemond",1,2015-01-01
"11","2015","01","Geuzenveld - Slotermeer",2,2015-01-01
"12","2015","01","IJburg - Zeeburgereiland",22,2015-01-01
"13","2015","01","Noord-Oost",9,2015-01-01
"14","2015","01","Noord-West",18,2015-01-01
"15","2015","01","Oostelijk Havengebied - Indische Buurt",63,2015-01-01
"16","2015","01","Osdorp",5,2015-01-01
"17","2015","01","Oud-Noord",37,2015-01-01
"18","2015","01","Oud-Oost",44,2015-01-01
"19","2015","01","Slotervaart",34,2015-01-01
"20","2015","01","Watergraafsmeer",20,2015-01-01
"21","2015","01","Westerpark",99,2015-01-01
"22","2015","01","Zuid",87,2015-01-01
"23","2015","02","Bijlmer-Oost",3,2015-02-01
"24","2015","02","Bos en Lommer",38,2015-02-01
"25","2015","02","Buitenveldert - Zuidas",6,2015-02-01
"26","2015","02","Centrum-Oost",202,2015-02-01
"27","2015","02","Centrum-West",249,2015-02-01
"28","2015","02","De Aker - Nieuw Sloten",4,2015-02-01
"29","2015","02","De Baarsjes - Oud-West",189,2015-02-01
"30","2015","02","De Pijp - Rivierenbuurt",123,2015-02-01
"31","2015","02","Geuzenveld - Slotermeer",2,2015-02-01
"32","2015","02","IJburg - Zeeburgereiland",16,2015-02-01
"33","2015","02","Noord-Oost",9,2015-02-01
"34","2015","02","Noord-West",15,2015-02-01
"35","2015","02","Oostelijk Havengebied - Indische Buurt",50,2015-02-01
"36","2015","02","Osdorp",6,2015-02-01
"37","2015","02","Oud-Noord",29,2015-02-01
"38","2015","02","Oud-Oost",36,2015-02-01
"39","2015","02","Slotervaart",23,2015-02-01
"40","2015","02","Watergraafsmeer",23,2015-02-01
"41","2015","02","Westerpark",108,2015-02-01
"42","2015","02","Zuid",68,2015-02-01
"43","2015","03","Bijlmer-Oost",3,2015-03-01
"44","2015","03","Bos en Lommer",67,2015-03-01
"45","2015","03","Buitenveldert - Zuidas",9,2015-03-01
"46","2015","03","Centrum-Oost",225,2015-03-01
"47","2015","03","Centrum-West",304,2015-03-01
"48","2015","03","De Aker - Nieuw Sloten",12,2015-03-01
"49","2015","03","De Baarsjes - Oud-West",246,2015-03-01
"50","2015","03","De Pijp - Rivierenbuurt",194,2015-03-01
"51","2015","03","Gaasperdam - Driemond",1,2015-03-01
"52","2015","03","Geuzenveld - Slotermeer",2,2015-03-01
"53","2015","03","IJburg - Zeeburgereiland",22,2015-03-01
"54","2015","03","Noord-Oost",13,2015-03-01
"55","2015","03","Noord-West",15,2015-03-01
"56","2015","03","Oostelijk Havengebied - Indische Buurt",75,2015-03-01
"57","2015","03","Osdorp",8,2015-03-01
"58","2015","03","Oud-Noord",43,2015-03-01
"59","2015","03","Oud-Oost",57,2015-03-01
"60","2015","03","Slotervaart",41,2015-03-01
"61","2015","03","Watergraafsmeer",29,2015-03-01
"62","2015","03","Westerpark",158,2015-03-01
"63","2015","03","Zuid",93,2015-03-01
"64","2015","04","Bijlmer-Centrum",3,2015-04-01
"65","2015","04","Bijlmer-Oost",7,2015-04-01
"66","2015","04","Bos en Lommer",136,2015-04-01
"67","2015","04","Buitenveldert - Zuidas",18,2015-04-01
"68","2015","04","Centrum-Oost",399,2015-04-01
"69","2015","04","Centrum-West",473,2015-04-01
"70","2015","04","De Aker - Nieuw Sloten",23,2015-04-01
"71","2015","04","De Baarsjes - Oud-West",478,2015-04-01
"72","2015","04","De Pijp - Rivierenbuurt",367,2015-04-01
"73","2015","04","Gaasperdam - Driemond",19,2015-04-01
"74","2015","04","Geuzenveld - Slotermeer",10,2015-04-01
"75","2015","04","IJburg - Zeeburgereiland",34,2015-04-01
"76","2015","04","Noord-Oost",40,2015-04-01
"77","2015","04","Noord-West",53,2015-04-01
"78","2015","04","Oostelijk Havengebied - Indische Buurt",115,2015-04-01
"79","2015","04","Osdorp",19,2015-04-01
"80","2015","04","Oud-Noord",100,2015-04-01
"81","2015","04","Oud-Oost",114,2015-04-01
"82","2015","04","Slotervaart",75,2015-04-01
"83","2015","04","Watergraafsmeer",72,2015-04-01
"84","2015","04","Westerpark",224,2015-04-01
"85","2015","04","Zuid",211,2015-04-01
"86","2015","05","Bijlmer-Oost",12,2015-05-01
"87","2015","05","Bos en Lommer",114,2015-05-01
"88","2015","05","Buitenveldert - Zuidas",39,2015-05-01
"89","2015","05","Centrum-Oost",435,2015-05-01
"90","2015","05","Centrum-West",525,2015-05-01
"91","2015","05","De Aker - Nieuw Sloten",15,2015-05-01
"92","2015","05","De Baarsjes - Oud-West",571,2015-05-01
"93","2015","05","De Pijp - Rivierenbuurt",390,2015-05-01
"94","2015","05","Gaasperdam - Driemond",34,2015-05-01
"95","2015","05","Geuzenveld - Slotermeer",14,2015-05-01
"96","2015","05","IJburg - Zeeburgereiland",41,2015-05-01
"97","2015","05","Noord-Oost",41,2015-05-01
"98","2015","05","Noord-West",66,2015-05-01
"99","2015","05","Oostelijk Havengebied - Indische Buurt",147,2015-05-01
"100","2015","05","Osdorp",21,2015-05-01
"101","2015","05","Oud-Noord",95,2015-05-01
"102","2015","05","Oud-Oost",152,2015-05-01
"103","2015","05","Slotervaart",77,2015-05-01
"104","2015","05","Watergraafsmeer",88,2015-05-01
"105","2015","05","Westerpark",274,2015-05-01
"106","2015","05","Zuid",227,2015-05-01
"107","2015","06","Bijlmer-Centrum",1,2015-06-01
"108","2015","06","Bijlmer-Oost",5,2015-06-01
"109","2015","06","Bos en Lommer",135,2015-06-01
"110","2015","06","Buitenveldert - Zuidas",28,2015-06-01
"111","2015","06","Centrum-Oost",372,2015-06-01
"112","2015","06","Centrum-West",539,2015-06-01
"113","2015","06","De Aker - Nieuw Sloten",23,2015-06-01
"114","2015","06","De Baarsjes - Oud-West",492,2015-06-01
"115","2015","06","De Pijp - Rivierenbuurt",349,2015-06-01
"116","2015","06","Gaasperdam - Driemond",18,2015-06-01
"117","2015","06","Geuzenveld - Slotermeer",8,2015-06-01
"118","2015","06","IJburg - Zeeburgereiland",27,2015-06-01
"119","2015","06","Noord-Oost",53,2015-06-01
"120","2015","06","Noord-West",54,2015-06-01
"121","2015","06","Oostelijk Havengebied - Indische Buurt",122,2015-06-01
"122","2015","06","Osdorp",18,2015-06-01
"123","2015","06","Oud-Noord",84,2015-06-01
"124","2015","06","Oud-Oost",140,2015-06-01
"125","2015","06","Slotervaart",70,2015-06-01
"126","2015","06","Watergraafsmeer",61,2015-06-01
"127","2015","06","Westerpark",251,2015-06-01
"128","2015","06","Zuid",198,2015-06-01
"129","2015","07","Bijlmer-Oost",18,2015-07-01
"130","2015","07","Bos en Lommer",135,2015-07-01
"131","2015","07","Buitenveldert - Zuidas",25,2015-07-01
"132","2015","07","Centrum-Oost",455,2015-07-01
"133","2015","07","Centrum-West",578,2015-07-01
"134","2015","07","De Aker - Nieuw Sloten",17,2015-07-01
"135","2015","07","De Baarsjes - Oud-West",595,2015-07-01
"136","2015","07","De Pijp - Rivierenbuurt",380,2015-07-01
"137","2015","07","Gaasperdam - Driemond",30,2015-07-01
"138","2015","07","Geuzenveld - Slotermeer",14,2015-07-01
"139","2015","07","IJburg - Zeeburgereiland",41,2015-07-01
"140","2015","07","Noord-Oost",73,2015-07-01
"141","2015","07","Noord-West",81,2015-07-01
"142","2015","07","Oostelijk Havengebied - Indische Buurt",132,2015-07-01
"143","2015","07","Osdorp",16,2015-07-01
"144","2015","07","Oud-Noord",90,2015-07-01
"145","2015","07","Oud-Oost",136,2015-07-01
"146","2015","07","Slotervaart",60,2015-07-01
"147","2015","07","Watergraafsmeer",74,2015-07-01
"148","2015","07","Westerpark",231,2015-07-01
"149","2015","07","Zuid",196,2015-07-01
"150","2015","08","Bijlmer-Oost",22,2015-08-01
"151","2015","08","Bos en Lommer",187,2015-08-01
"152","2015","08","Buitenveldert - Zuidas",35,2015-08-01
"153","2015","08","Centrum-Oost",442,2015-08-01
"154","2015","08","Centrum-West",537,2015-08-01
"155","2015","08","De Aker - Nieuw Sloten",18,2015-08-01
"156","2015","08","De Baarsjes - Oud-West",664,2015-08-01
"157","2015","08","De Pijp - Rivierenbuurt",509,2015-08-01
"158","2015","08","Gaasperdam - Driemond",37,2015-08-01
"159","2015","08","Geuzenveld - Slotermeer",15,2015-08-01
"160","2015","08","IJburg - Zeeburgereiland",58,2015-08-01
"161","2015","08","Noord-Oost",60,2015-08-01
"162","2015","08","Noord-West",85,2015-08-01
"163","2015","08","Oostelijk Havengebied - Indische Buurt",214,2015-08-01
"164","2015","08","Osdorp",30,2015-08-01
"165","2015","08","Oud-Noord",118,2015-08-01
"166","2015","08","Oud-Oost",204,2015-08-01
"167","2015","08","Slotervaart",69,2015-08-01
"168","2015","08","Watergraafsmeer",94,2015-08-01
"169","2015","08","Westerpark",339,2015-08-01
"170","2015","08","Zuid",228,2015-08-01
"171","2015","09","Bijlmer-Oost",11,2015-09-01
"172","2015","09","Bos en Lommer",131,2015-09-01
"173","2015","09","Buitenveldert - Zuidas",42,2015-09-01
"174","2015","09","Centrum-Oost",416,2015-09-01
"175","2015","09","Centrum-West",628,2015-09-01
"176","2015","09","De Aker - Nieuw Sloten",22,2015-09-01
"177","2015","09","De Baarsjes - Oud-West",637,2015-09-01
"178","2015","09","De Pijp - Rivierenbuurt",506,2015-09-01
"179","2015","09","Gaasperdam - Driemond",22,2015-09-01
"180","2015","09","Geuzenveld - Slotermeer",16,2015-09-01
"181","2015","09","IJburg - Zeeburgereiland",47,2015-09-01
"182","2015","09","Noord-Oost",63,2015-09-01
"183","2015","09","Noord-West",84,2015-09-01
"184","2015","09","Oostelijk Havengebied - Indische Buurt",170,2015-09-01
"185","2015","09","Osdorp",21,2015-09-01
"186","2015","09","Oud-Noord",96,2015-09-01
"187","2015","09","Oud-Oost",183,2015-09-01
"188","2015","09","Slotervaart",78,2015-09-01
"189","2015","09","Watergraafsmeer",95,2015-09-01
"190","2015","09","Westerpark",338,2015-09-01
"191","2015","09","Zuid",222,2015-09-01
"192","2015","10","Bijlmer-Centrum",1,2015-10-01
"193","2015","10","Bijlmer-Oost",13,2015-10-01
"194","2015","10","Bos en Lommer",144,2015-10-01
"195","2015","10","Buitenveldert - Zuidas",40,2015-10-01
"196","2015","10","Centrum-Oost",450,2015-10-01
"197","2015","10","Centrum-West",590,2015-10-01
"198","2015","10","De Aker - Nieuw Sloten",14,2015-10-01
"199","2015","10","De Baarsjes - Oud-West",577,2015-10-01
"200","2015","10","De Pijp - Rivierenbuurt",447,2015-10-01
"201","2015","10","Gaasperdam - Driemond",30,2015-10-01
"202","2015","10","Geuzenveld - Slotermeer",18,2015-10-01
"203","2015","10","IJburg - Zeeburgereiland",56,2015-10-01
"204","2015","10","Noord-Oost",54,2015-10-01
"205","2015","10","Noord-West",75,2015-10-01
"206","2015","10","Oostelijk Havengebied - Indische Buurt",149,2015-10-01
"207","2015","10","Osdorp",23,2015-10-01
"208","2015","10","Oud-Noord",81,2015-10-01
"209","2015","10","Oud-Oost",162,2015-10-01
"210","2015","10","Slotervaart",63,2015-10-01
"211","2015","10","Watergraafsmeer",84,2015-10-01
"212","2015","10","Westerpark",322,2015-10-01
"213","2015","10","Zuid",225,2015-10-01
"214","2015","11","Bijlmer-Centrum",6,2015-11-01
"215","2015","11","Bijlmer-Oost",18,2015-11-01
"216","2015","11","Bos en Lommer",92,2015-11-01
"217","2015","11","Buitenveldert - Zuidas",16,2015-11-01
"218","2015","11","Centrum-Oost",370,2015-11-01
"219","2015","11","Centrum-West",446,2015-11-01
"220","2015","11","De Aker - Nieuw Sloten",10,2015-11-01
"221","2015","11","De Baarsjes - Oud-West",417,2015-11-01
"222","2015","11","De Pijp - Rivierenbuurt",307,2015-11-01
"223","2015","11","Gaasperdam - Driemond",11,2015-11-01
"224","2015","11","Geuzenveld - Slotermeer",7,2015-11-01
"225","2015","11","IJburg - Zeeburgereiland",36,2015-11-01
"226","2015","11","Noord-Oost",26,2015-11-01
"227","2015","11","Noord-West",38,2015-11-01
"228","2015","11","Oostelijk Havengebied - Indische Buurt",109,2015-11-01
"229","2015","11","Osdorp",10,2015-11-01
"230","2015","11","Oud-Noord",82,2015-11-01
"231","2015","11","Oud-Oost",131,2015-11-01
"232","2015","11","Slotervaart",30,2015-11-01
"233","2015","11","Watergraafsmeer",59,2015-11-01
"234","2015","11","Westerpark",238,2015-11-01
"235","2015","11","Zuid",128,2015-11-01
"236","2015","12","Bijlmer-Centrum",3,2015-12-01
"237","2015","12","Bijlmer-Oost",15,2015-12-01
"238","2015","12","Bos en Lommer",74,2015-12-01
"239","2015","12","Buitenveldert - Zuidas",8,2015-12-01
"240","2015","12","Centrum-Oost",303,2015-12-01
"241","2015","12","Centrum-West",417,2015-12-01
"242","2015","12","De Aker - Nieuw Sloten",11,2015-12-01
"243","2015","12","De Baarsjes - Oud-West",343,2015-12-01
"244","2015","12","De Pijp - Rivierenbuurt",255,2015-12-01
"245","2015","12","Gaasperdam - Driemond",10,2015-12-01
"246","2015","12","Geuzenveld - Slotermeer",8,2015-12-01
"247","2015","12","IJburg - Zeeburgereiland",49,2015-12-01
"248","2015","12","Noord-Oost",11,2015-12-01
"249","2015","12","Noord-West",27,2015-12-01
"250","2015","12","Oostelijk Havengebied - Indische Buurt",86,2015-12-01
"251","2015","12","Osdorp",16,2015-12-01
"252","2015","12","Oud-Noord",77,2015-12-01
"253","2015","12","Oud-Oost",106,2015-12-01
"254","2015","12","Slotervaart",34,2015-12-01
"255","2015","12","Watergraafsmeer",53,2015-12-01
"256","2015","12","Westerpark",167,2015-12-01
"257","2015","12","Zuid",94,2015-12-01
"258","2016","01","Bijlmer-Centrum",1,2016-01-01
"259","2016","01","Bijlmer-Oost",12,2016-01-01
"260","2016","01","Bos en Lommer",113,2016-01-01
"261","2016","01","Buitenveldert - Zuidas",16,2016-01-01
"262","2016","01","Centrum-Oost",328,2016-01-01
"263","2016","01","Centrum-West",472,2016-01-01
"264","2016","01","De Aker - Nieuw Sloten",14,2016-01-01
"265","2016","01","De Baarsjes - Oud-West",437,2016-01-01
"266","2016","01","De Pijp - Rivierenbuurt",314,2016-01-01
"267","2016","01","Gaasperdam - Driemond",16,2016-01-01
"268","2016","01","Geuzenveld - Slotermeer",7,2016-01-01
"269","2016","01","IJburg - Zeeburgereiland",58,2016-01-01
"270","2016","01","Noord-Oost",11,2016-01-01
"271","2016","01","Noord-West",35,2016-01-01
"272","2016","01","Oostelijk Havengebied - Indische Buurt",98,2016-01-01
"273","2016","01","Osdorp",6,2016-01-01
"274","2016","01","Oud-Noord",77,2016-01-01
"275","2016","01","Oud-Oost",128,2016-01-01
"276","2016","01","Slotervaart",39,2016-01-01
"277","2016","01","Watergraafsmeer",65,2016-01-01
"278","2016","01","Westerpark",231,2016-01-01
"279","2016","01","Zuid",144,2016-01-01
"280","2016","02","Bijlmer-Centrum",8,2016-02-01
"281","2016","02","Bijlmer-Oost",10,2016-02-01
"282","2016","02","Bos en Lommer",90,2016-02-01
"283","2016","02","Buitenveldert - Zuidas",19,2016-02-01
"284","2016","02","Centrum-Oost",341,2016-02-01
"285","2016","02","Centrum-West",560,2016-02-01
"286","2016","02","De Aker - Nieuw Sloten",16,2016-02-01
"287","2016","02","De Baarsjes - Oud-West",438,2016-02-01
"288","2016","02","De Pijp - Rivierenbuurt",380,2016-02-01
"289","2016","02","Gaasperdam - Driemond",16,2016-02-01
"290","2016","02","Geuzenveld - Slotermeer",8,2016-02-01
"291","2016","02","IJburg - Zeeburgereiland",60,2016-02-01
"292","2016","02","Noord-Oost",15,2016-02-01
"293","2016","02","Noord-West",36,2016-02-01
"294","2016","02","Oostelijk Havengebied - Indische Buurt",110,2016-02-01
"295","2016","02","Osdorp",11,2016-02-01
"296","2016","02","Oud-Noord",98,2016-02-01
"297","2016","02","Oud-Oost",139,2016-02-01
"298","2016","02","Slotervaart",57,2016-02-01
"299","2016","02","Watergraafsmeer",48,2016-02-01
"300","2016","02","Westerpark",213,2016-02-01
"301","2016","02","Zuid",129,2016-02-01
"302","2016","03","Bijlmer-Centrum",12,2016-03-01
"303","2016","03","Bijlmer-Oost",9,2016-03-01
"304","2016","03","Bos en Lommer",132,2016-03-01
"305","2016","03","Buitenveldert - Zuidas",31,2016-03-01
"306","2016","03","Centrum-Oost",441,2016-03-01
"307","2016","03","Centrum-West",642,2016-03-01
"308","2016","03","De Aker - Nieuw Sloten",37,2016-03-01
"309","2016","03","De Baarsjes - Oud-West",593,2016-03-01
"310","2016","03","De Pijp - Rivierenbuurt",492,2016-03-01
"311","2016","03","Gaasperdam - Driemond",16,2016-03-01
"312","2016","03","Geuzenveld - Slotermeer",13,2016-03-01
"313","2016","03","IJburg - Zeeburgereiland",63,2016-03-01
"314","2016","03","Noord-Oost",20,2016-03-01
"315","2016","03","Noord-West",81,2016-03-01
"316","2016","03","Oostelijk Havengebied - Indische Buurt",180,2016-03-01
"317","2016","03","Osdorp",13,2016-03-01
"318","2016","03","Oud-Noord",139,2016-03-01
"319","2016","03","Oud-Oost",200,2016-03-01
"320","2016","03","Slotervaart",76,2016-03-01
"321","2016","03","Watergraafsmeer",69,2016-03-01
"322","2016","03","Westerpark",299,2016-03-01
"323","2016","03","Zuid",191,2016-03-01
"324","2016","04","Bijlmer-Centrum",19,2016-04-01
"325","2016","04","Bijlmer-Oost",15,2016-04-01
"326","2016","04","Bos en Lommer",210,2016-04-01
"327","2016","04","Buitenveldert - Zuidas",53,2016-04-01
"328","2016","04","Centrum-Oost",517,2016-04-01
"329","2016","04","Centrum-West",792,2016-04-01
"330","2016","04","De Aker - Nieuw Sloten",41,2016-04-01
"331","2016","04","De Baarsjes - Oud-West",754,2016-04-01
"332","2016","04","De Pijp - Rivierenbuurt",568,2016-04-01
"333","2016","04","Gaasperdam - Driemond",25,2016-04-01
"334","2016","04","Geuzenveld - Slotermeer",24,2016-04-01
"335","2016","04","IJburg - Zeeburgereiland",75,2016-04-01
"336","2016","04","Noord-Oost",52,2016-04-01
"337","2016","04","Noord-West",99,2016-04-01
"338","2016","04","Oostelijk Havengebied - Indische Buurt",201,2016-04-01
"339","2016","04","Osdorp",32,2016-04-01
"340","2016","04","Oud-Noord",165,2016-04-01
"341","2016","04","Oud-Oost",218,2016-04-01
"342","2016","04","Slotervaart",111,2016-04-01
"343","2016","04","Watergraafsmeer",100,2016-04-01
"344","2016","04","Westerpark",400,2016-04-01
"345","2016","04","Zuid",287,2016-04-01
"346","2016","05","Bijlmer-Centrum",19,2016-05-01
"347","2016","05","Bijlmer-Oost",23,2016-05-01
"348","2016","05","Bos en Lommer",289,2016-05-01
"349","2016","05","Buitenveldert - Zuidas",49,2016-05-01
"350","2016","05","Centrum-Oost",652,2016-05-01
"351","2016","05","Centrum-West",881,2016-05-01
"352","2016","05","De Aker - Nieuw Sloten",57,2016-05-01
"353","2016","05","De Baarsjes - Oud-West",1073,2016-05-01
"354","2016","05","De Pijp - Rivierenbuurt",724,2016-05-01
"355","2016","05","Gaasperdam - Driemond",33,2016-05-01
"356","2016","05","Geuzenveld - Slotermeer",31,2016-05-01
"357","2016","05","IJburg - Zeeburgereiland",99,2016-05-01
"358","2016","05","Noord-Oost",79,2016-05-01
"359","2016","05","Noord-West",128,2016-05-01
"360","2016","05","Oostelijk Havengebied - Indische Buurt",252,2016-05-01
"361","2016","05","Osdorp",24,2016-05-01
"362","2016","05","Oud-Noord",185,2016-05-01
"363","2016","05","Oud-Oost",326,2016-05-01
"364","2016","05","Slotervaart",127,2016-05-01
"365","2016","05","Watergraafsmeer",180,2016-05-01
"366","2016","05","Westerpark",488,2016-05-01
"367","2016","05","Zuid",355,2016-05-01
"368","2016","06","Bijlmer-Centrum",20,2016-06-01
"369","2016","06","Bijlmer-Oost",13,2016-06-01
"370","2016","06","Bos en Lommer",221,2016-06-01
"371","2016","06","Buitenveldert - Zuidas",36,2016-06-01
"372","2016","06","Centrum-Oost",535,2016-06-01
"373","2016","06","Centrum-West",828,2016-06-01
"374","2016","06","De Aker - Nieuw Sloten",40,2016-06-01
"375","2016","06","De Baarsjes - Oud-West",781,2016-06-01
"376","2016","06","De Pijp - Rivierenbuurt",611,2016-06-01
"377","2016","06","Gaasperdam - Driemond",34,2016-06-01
"378","2016","06","Geuzenveld - Slotermeer",48,2016-06-01
"379","2016","06","IJburg - Zeeburgereiland",73,2016-06-01
"380","2016","06","Noord-Oost",66,2016-06-01
"381","2016","06","Noord-West",103,2016-06-01
"382","2016","06","Oostelijk Havengebied - Indische Buurt",172,2016-06-01
"383","2016","06","Osdorp",27,2016-06-01
"384","2016","06","Oud-Noord",124,2016-06-01
"385","2016","06","Oud-Oost",232,2016-06-01
"386","2016","06","Slotervaart",104,2016-06-01
"387","2016","06","Watergraafsmeer",114,2016-06-01
"388","2016","06","Westerpark",353,2016-06-01
"389","2016","06","Zuid",275,2016-06-01
"390","2016","07","Bijlmer-Centrum",23,2016-07-01
"391","2016","07","Bijlmer-Oost",29,2016-07-01
"392","2016","07","Bos en Lommer",299,2016-07-01
"393","2016","07","Buitenveldert - Zuidas",46,2016-07-01
"394","2016","07","Centrum-Oost",671,2016-07-01
"395","2016","07","Centrum-West",913,2016-07-01
"396","2016","07","De Aker - Nieuw Sloten",57,2016-07-01
"397","2016","07","De Baarsjes - Oud-West",862,2016-07-01
"398","2016","07","De Pijp - Rivierenbuurt",676,2016-07-01
"399","2016","07","Gaasperdam - Driemond",42,2016-07-01
"400","2016","07","Geuzenveld - Slotermeer",44,2016-07-01
"401","2016","07","IJburg - Zeeburgereiland",83,2016-07-01
"402","2016","07","Noord-Oost",77,2016-07-01
"403","2016","07","Noord-West",126,2016-07-01
"404","2016","07","Oostelijk Havengebied - Indische Buurt",282,2016-07-01
"405","2016","07","Osdorp",37,2016-07-01
"406","2016","07","Oud-Noord",158,2016-07-01
"407","2016","07","Oud-Oost",309,2016-07-01
"408","2016","07","Slotervaart",121,2016-07-01
"409","2016","07","Watergraafsmeer",134,2016-07-01
"410","2016","07","Westerpark",446,2016-07-01
"411","2016","07","Zuid",323,2016-07-01
"412","2016","08","Bijlmer-Centrum",16,2016-08-01
"413","2016","08","Bijlmer-Oost",32,2016-08-01
"414","2016","08","Bos en Lommer",348,2016-08-01
"415","2016","08","Buitenveldert - Zuidas",50,2016-08-01
"416","2016","08","Centrum-Oost",673,2016-08-01
"417","2016","08","Centrum-West",1006,2016-08-01
"418","2016","08","De Aker - Nieuw Sloten",69,2016-08-01
"419","2016","08","De Baarsjes - Oud-West",1075,2016-08-01
"420","2016","08","De Pijp - Rivierenbuurt",804,2016-08-01
"421","2016","08","Gaasperdam - Driemond",45,2016-08-01
"422","2016","08","Geuzenveld - Slotermeer",73,2016-08-01
"423","2016","08","IJburg - Zeeburgereiland",138,2016-08-01
"424","2016","08","Noord-Oost",103,2016-08-01
"425","2016","08","Noord-West",161,2016-08-01
"426","2016","08","Oostelijk Havengebied - Indische Buurt",325,2016-08-01
"427","2016","08","Osdorp",38,2016-08-01
"428","2016","08","Oud-Noord",190,2016-08-01
"429","2016","08","Oud-Oost",348,2016-08-01
"430","2016","08","Slotervaart",134,2016-08-01
"431","2016","08","Watergraafsmeer",184,2016-08-01
"432","2016","08","Westerpark",500,2016-08-01
"433","2016","08","Zuid",444,2016-08-01
"434","2016","09","Bijlmer-Centrum",37,2016-09-01
"435","2016","09","Bijlmer-Oost",27,2016-09-01
"436","2016","09","Bos en Lommer",272,2016-09-01
"437","2016","09","Buitenveldert - Zuidas",40,2016-09-01
"438","2016","09","Centrum-Oost",691,2016-09-01
"439","2016","09","Centrum-West",982,2016-09-01
"440","2016","09","De Aker - Nieuw Sloten",74,2016-09-01
"441","2016","09","De Baarsjes - Oud-West",985,2016-09-01
"442","2016","09","De Pijp - Rivierenbuurt",835,2016-09-01
"443","2016","09","Gaasperdam - Driemond",27,2016-09-01
"444","2016","09","Geuzenveld - Slotermeer",36,2016-09-01
"445","2016","09","IJburg - Zeeburgereiland",79,2016-09-01
"446","2016","09","Noord-Oost",80,2016-09-01
"447","2016","09","Noord-West",115,2016-09-01
"448","2016","09","Oostelijk Havengebied - Indische Buurt",295,2016-09-01
"449","2016","09","Osdorp",35,2016-09-01
"450","2016","09","Oud-Noord",178,2016-09-01
"451","2016","09","Oud-Oost",310,2016-09-01
"452","2016","09","Slotervaart",130,2016-09-01
"453","2016","09","Watergraafsmeer",158,2016-09-01
"454","2016","09","Westerpark",511,2016-09-01
"455","2016","09","Zuid",376,2016-09-01
"456","2016","10","Bijlmer-Centrum",30,2016-10-01
"457","2016","10","Bijlmer-Oost",26,2016-10-01
"458","2016","10","Bos en Lommer",343,2016-10-01
"459","2016","10","Buitenveldert - Zuidas",55,2016-10-01
"460","2016","10","Centrum-Oost",786,2016-10-01
"461","2016","10","Centrum-West",1039,2016-10-01
"462","2016","10","De Aker - Nieuw Sloten",75,2016-10-01
"463","2016","10","De Baarsjes - Oud-West",1012,2016-10-01
"464","2016","10","De Pijp - Rivierenbuurt",834,2016-10-01
"465","2016","10","Gaasperdam - Driemond",28,2016-10-01
"466","2016","10","Geuzenveld - Slotermeer",52,2016-10-01
"467","2016","10","IJburg - Zeeburgereiland",98,2016-10-01
"468","2016","10","Noord-Oost",82,2016-10-01
"469","2016","10","Noord-West",126,2016-10-01
"470","2016","10","Oostelijk Havengebied - Indische Buurt",321,2016-10-01
"471","2016","10","Osdorp",40,2016-10-01
"472","2016","10","Oud-Noord",198,2016-10-01
"473","2016","10","Oud-Oost",339,2016-10-01
"474","2016","10","Slotervaart",134,2016-10-01
"475","2016","10","Watergraafsmeer",141,2016-10-01
"476","2016","10","Westerpark",510,2016-10-01
"477","2016","10","Zuid",406,2016-10-01
"478","2016","11","Bijlmer-Centrum",29,2016-11-01
"479","2016","11","Bijlmer-Oost",31,2016-11-01
"480","2016","11","Bos en Lommer",206,2016-11-01
"481","2016","11","Buitenveldert - Zuidas",16,2016-11-01
"482","2016","11","Centrum-Oost",575,2016-11-01
"483","2016","11","Centrum-West",836,2016-11-01
"484","2016","11","De Aker - Nieuw Sloten",48,2016-11-01
"485","2016","11","De Baarsjes - Oud-West",693,2016-11-01
"486","2016","11","De Pijp - Rivierenbuurt",540,2016-11-01
"487","2016","11","Gaasperdam - Driemond",14,2016-11-01
"488","2016","11","Geuzenveld - Slotermeer",26,2016-11-01
"489","2016","11","IJburg - Zeeburgereiland",68,2016-11-01
"490","2016","11","Noord-Oost",48,2016-11-01
"491","2016","11","Noord-West",96,2016-11-01
"492","2016","11","Oostelijk Havengebied - Indische Buurt",217,2016-11-01
"493","2016","11","Osdorp",13,2016-11-01
"494","2016","11","Oud-Noord",163,2016-11-01
"495","2016","11","Oud-Oost",255,2016-11-01
"496","2016","11","Slotervaart",111,2016-11-01
"497","2016","11","Watergraafsmeer",104,2016-11-01
"498","2016","11","Westerpark",341,2016-11-01
"499","2016","11","Zuid",241,2016-11-01
"500","2016","12","Bijlmer-Centrum",27,2016-12-01
"501","2016","12","Bijlmer-Oost",13,2016-12-01
"502","2016","12","Bos en Lommer",136,2016-12-01
"503","2016","12","Buitenveldert - Zuidas",13,2016-12-01
"504","2016","12","Centrum-Oost",497,2016-12-01
"505","2016","12","Centrum-West",754,2016-12-01
"506","2016","12","De Aker - Nieuw Sloten",44,2016-12-01
"507","2016","12","De Baarsjes - Oud-West",494,2016-12-01
"508","2016","12","De Pijp - Rivierenbuurt",411,2016-12-01
"509","2016","12","Gaasperdam - Driemond",9,2016-12-01
"510","2016","12","Geuzenveld - Slotermeer",42,2016-12-01
"511","2016","12","IJburg - Zeeburgereiland",59,2016-12-01
"512","2016","12","Noord-Oost",38,2016-12-01
"513","2016","12","Noord-West",65,2016-12-01
"514","2016","12","Oostelijk Havengebied - Indische Buurt",158,2016-12-01
"515","2016","12","Osdorp",26,2016-12-01
"516","2016","12","Oud-Noord",131,2016-12-01
"517","2016","12","Oud-Oost",168,2016-12-01
"518","2016","12","Slotervaart",78,2016-12-01
"519","2016","12","Watergraafsmeer",82,2016-12-01
"520","2016","12","Westerpark",252,2016-12-01
"521","2016","12","Zuid",176,2016-12-01
"522","2017","01","Bijlmer-Centrum",19,2017-01-01
"523","2017","01","Bijlmer-Oost",20,2017-01-01
"524","2017","01","Bos en Lommer",193,2017-01-01
"525","2017","01","Buitenveldert - Zuidas",21,2017-01-01
"526","2017","01","Centrum-Oost",547,2017-01-01
"527","2017","01","Centrum-West",823,2017-01-01
"528","2017","01","De Aker - Nieuw Sloten",37,2017-01-01
"529","2017","01","De Baarsjes - Oud-West",643,2017-01-01
"530","2017","01","De Pijp - Rivierenbuurt",519,2017-01-01
"531","2017","01","Gaasperdam - Driemond",18,2017-01-01
"532","2017","01","Geuzenveld - Slotermeer",26,2017-01-01
"533","2017","01","IJburg - Zeeburgereiland",100,2017-01-01
"534","2017","01","Noord-Oost",39,2017-01-01
"535","2017","01","Noord-West",68,2017-01-01
"536","2017","01","Oostelijk Havengebied - Indische Buurt",225,2017-01-01
"537","2017","01","Osdorp",22,2017-01-01
"538","2017","01","Oud-Noord",156,2017-01-01
"539","2017","01","Oud-Oost",237,2017-01-01
"540","2017","01","Slotervaart",74,2017-01-01
"541","2017","01","Watergraafsmeer",133,2017-01-01
"542","2017","01","Westerpark",306,2017-01-01
"543","2017","01","Zuid",264,2017-01-01
"544","2017","02","Bijlmer-Centrum",20,2017-02-01
"545","2017","02","Bijlmer-Oost",17,2017-02-01
"546","2017","02","Bos en Lommer",212,2017-02-01
"547","2017","02","Buitenveldert - Zuidas",29,2017-02-01
"548","2017","02","Centrum-Oost",536,2017-02-01
"549","2017","02","Centrum-West",868,2017-02-01
"550","2017","02","De Aker - Nieuw Sloten",53,2017-02-01
"551","2017","02","De Baarsjes - Oud-West",619,2017-02-01
"552","2017","02","De Pijp - Rivierenbuurt",543,2017-02-01
"553","2017","02","Gaasperdam - Driemond",33,2017-02-01
"554","2017","02","Geuzenveld - Slotermeer",39,2017-02-01
"555","2017","02","IJburg - Zeeburgereiland",83,2017-02-01
"556","2017","02","Noord-Oost",29,2017-02-01
"557","2017","02","Noord-West",86,2017-02-01
"558","2017","02","Oostelijk Havengebied - Indische Buurt",188,2017-02-01
"559","2017","02","Osdorp",20,2017-02-01
"560","2017","02","Oud-Noord",150,2017-02-01
"561","2017","02","Oud-Oost",200,2017-02-01
"562","2017","02","Slotervaart",87,2017-02-01
"563","2017","02","Watergraafsmeer",100,2017-02-01
"564","2017","02","Westerpark",312,2017-02-01
"565","2017","02","Zuid",243,2017-02-01
"566","2017","03","Bijlmer-Centrum",28,2017-03-01
"567","2017","03","Bijlmer-Oost",27,2017-03-01
"568","2017","03","Bos en Lommer",243,2017-03-01
"569","2017","03","Buitenveldert - Zuidas",23,2017-03-01
"570","2017","03","Centrum-Oost",644,2017-03-01
"571","2017","03","Centrum-West",970,2017-03-01
"572","2017","03","De Aker - Nieuw Sloten",56,2017-03-01
"573","2017","03","De Baarsjes - Oud-West",790,2017-03-01
"574","2017","03","De Pijp - Rivierenbuurt",575,2017-03-01
"575","2017","03","Gaasperdam - Driemond",20,2017-03-01
"576","2017","03","Geuzenveld - Slotermeer",28,2017-03-01
"577","2017","03","IJburg - Zeeburgereiland",122,2017-03-01
"578","2017","03","Noord-Oost",40,2017-03-01
"579","2017","03","Noord-West",95,2017-03-01
"580","2017","03","Oostelijk Havengebied - Indische Buurt",240,2017-03-01
"581","2017","03","Osdorp",44,2017-03-01
"582","2017","03","Oud-Noord",169,2017-03-01
"583","2017","03","Oud-Oost",242,2017-03-01
"584","2017","03","Slotervaart",93,2017-03-01
"585","2017","03","Watergraafsmeer",114,2017-03-01
"586","2017","03","Westerpark",365,2017-03-01
"587","2017","03","Zuid",279,2017-03-01
"588","2017","04","Bijlmer-Centrum",56,2017-04-01
"589","2017","04","Bijlmer-Oost",38,2017-04-01
"590","2017","04","Bos en Lommer",469,2017-04-01
"591","2017","04","Buitenveldert - Zuidas",96,2017-04-01
"592","2017","04","Centrum-Oost",971,2017-04-01
"593","2017","04","Centrum-West",1403,2017-04-01
"594","2017","04","De Aker - Nieuw Sloten",87,2017-04-01
"595","2017","04","De Baarsjes - Oud-West",1423,2017-04-01
"596","2017","04","De Pijp - Rivierenbuurt",1042,2017-04-01
"597","2017","04","Gaasperdam - Driemond",76,2017-04-01
"598","2017","04","Geuzenveld - Slotermeer",82,2017-04-01
"599","2017","04","IJburg - Zeeburgereiland",190,2017-04-01
"600","2017","04","Noord-Oost",121,2017-04-01
"601","2017","04","Noord-West",206,2017-04-01
"602","2017","04","Oostelijk Havengebied - Indische Buurt",427,2017-04-01
"603","2017","04","Osdorp",83,2017-04-01
"604","2017","04","Oud-Noord",297,2017-04-01
"605","2017","04","Oud-Oost",518,2017-04-01
"606","2017","04","Slotervaart",199,2017-04-01
"607","2017","04","Watergraafsmeer",202,2017-04-01
"608","2017","04","Westerpark",708,2017-04-01
"609","2017","04","Zuid",610,2017-04-01
"610","2017","05","Bijlmer-Centrum",55,2017-05-01
"611","2017","05","Bijlmer-Oost",43,2017-05-01
"612","2017","05","Bos en Lommer",445,2017-05-01
"613","2017","05","Buitenveldert - Zuidas",89,2017-05-01
"614","2017","05","Centrum-Oost",986,2017-05-01
"615","2017","05","Centrum-West",1453,2017-05-01
"616","2017","05","De Aker - Nieuw Sloten",84,2017-05-01
"617","2017","05","De Baarsjes - Oud-West",1399,2017-05-01
"618","2017","05","De Pijp - Rivierenbuurt",1114,2017-05-01
"619","2017","05","Gaasperdam - Driemond",68,2017-05-01
"620","2017","05","Geuzenveld - Slotermeer",76,2017-05-01
"621","2017","05","IJburg - Zeeburgereiland",206,2017-05-01
"622","2017","05","Noord-Oost",122,2017-05-01
"623","2017","05","Noord-West",215,2017-05-01
"624","2017","05","Oostelijk Havengebied - Indische Buurt",458,2017-05-01
"625","2017","05","Osdorp",64,2017-05-01
"626","2017","05","Oud-Noord",262,2017-05-01
"627","2017","05","Oud-Oost",482,2017-05-01
"628","2017","05","Slotervaart",184,2017-05-01
"629","2017","05","Watergraafsmeer",192,2017-05-01
"630","2017","05","Westerpark",683,2017-05-01
"631","2017","05","Zuid",719,2017-05-01
"632","2017","06","Bijlmer-Centrum",47,2017-06-01
"633","2017","06","Bijlmer-Oost",25,2017-06-01
"634","2017","06","Bos en Lommer",349,2017-06-01
"635","2017","06","Buitenveldert - Zuidas",60,2017-06-01
"636","2017","06","Centrum-Oost",885,2017-06-01
"637","2017","06","Centrum-West",1211,2017-06-01
"638","2017","06","De Aker - Nieuw Sloten",84,2017-06-01
"639","2017","06","De Baarsjes - Oud-West",1083,2017-06-01
"640","2017","06","De Pijp - Rivierenbuurt",884,2017-06-01
"641","2017","06","Gaasperdam - Driemond",70,2017-06-01
"642","2017","06","Geuzenveld - Slotermeer",90,2017-06-01
"643","2017","06","IJburg - Zeeburgereiland",141,2017-06-01
"644","2017","06","Noord-Oost",94,2017-06-01
"645","2017","06","Noord-West",188,2017-06-01
"646","2017","06","Oostelijk Havengebied - Indische Buurt",337,2017-06-01
"647","2017","06","Osdorp",65,2017-06-01
"648","2017","06","Oud-Noord",249,2017-06-01
"649","2017","06","Oud-Oost",404,2017-06-01
"650","2017","06","Slotervaart",170,2017-06-01
"651","2017","06","Watergraafsmeer",131,2017-06-01
"652","2017","06","Westerpark",507,2017-06-01
"653","2017","06","Zuid",497,2017-06-01
"654","2017","07","Bijlmer-Centrum",56,2017-07-01
"655","2017","07","Bijlmer-Oost",27,2017-07-01
"656","2017","07","Bos en Lommer",423,2017-07-01
"657","2017","07","Buitenveldert - Zuidas",81,2017-07-01
"658","2017","07","Centrum-Oost",956,2017-07-01
"659","2017","07","Centrum-West",1260,2017-07-01
"660","2017","07","De Aker - Nieuw Sloten",68,2017-07-01
"661","2017","07","De Baarsjes - Oud-West",1245,2017-07-01
"662","2017","07","De Pijp - Rivierenbuurt",991,2017-07-01
"663","2017","07","Gaasperdam - Driemond",83,2017-07-01
"664","2017","07","Geuzenveld - Slotermeer",79,2017-07-01
"665","2017","07","IJburg - Zeeburgereiland",160,2017-07-01
"666","2017","07","Noord-Oost",105,2017-07-01
"667","2017","07","Noord-West",174,2017-07-01
"668","2017","07","Oostelijk Havengebied - Indische Buurt",390,2017-07-01
"669","2017","07","Osdorp",73,2017-07-01
"670","2017","07","Oud-Noord",289,2017-07-01
"671","2017","07","Oud-Oost",412,2017-07-01
"672","2017","07","Slotervaart",184,2017-07-01
"673","2017","07","Watergraafsmeer",155,2017-07-01
"674","2017","07","Westerpark",555,2017-07-01
"675","2017","07","Zuid",528,2017-07-01
"676","2017","08","Bijlmer-Centrum",30,2017-08-01
"677","2017","08","Bijlmer-Oost",23,2017-08-01
"678","2017","08","Bos en Lommer",438,2017-08-01
"679","2017","08","Buitenveldert - Zuidas",79,2017-08-01
"680","2017","08","Centrum-Oost",946,2017-08-01
"681","2017","08","Centrum-West",1297,2017-08-01
"682","2017","08","De Aker - Nieuw Sloten",89,2017-08-01
"683","2017","08","De Baarsjes - Oud-West",1437,2017-08-01
"684","2017","08","De Pijp - Rivierenbuurt",1060,2017-08-01
"685","2017","08","Gaasperdam - Driemond",69,2017-08-01
"686","2017","08","Geuzenveld - Slotermeer",95,2017-08-01
"687","2017","08","IJburg - Zeeburgereiland",210,2017-08-01
"688","2017","08","Noord-Oost",151,2017-08-01
"689","2017","08","Noord-West",206,2017-08-01
"690","2017","08","Oostelijk Havengebied - Indische Buurt",460,2017-08-01
"691","2017","08","Osdorp",79,2017-08-01
"692","2017","08","Oud-Noord",309,2017-08-01
"693","2017","08","Oud-Oost",505,2017-08-01
"694","2017","08","Slotervaart",170,2017-08-01
"695","2017","08","Watergraafsmeer",223,2017-08-01
"696","2017","08","Westerpark",571,2017-08-01
"697","2017","08","Zuid",594,2017-08-01
"698","2017","09","Bijlmer-Centrum",39,2017-09-01
"699","2017","09","Bijlmer-Oost",38,2017-09-01
"700","2017","09","Bos en Lommer",384,2017-09-01
"701","2017","09","Buitenveldert - Zuidas",80,2017-09-01
"702","2017","09","Centrum-Oost",932,2017-09-01
"703","2017","09","Centrum-West",1211,2017-09-01
"704","2017","09","De Aker - Nieuw Sloten",60,2017-09-01
"705","2017","09","De Baarsjes - Oud-West",1220,2017-09-01
"706","2017","09","De Pijp - Rivierenbuurt",944,2017-09-01
"707","2017","09","Gaasperdam - Driemond",59,2017-09-01
"708","2017","09","Geuzenveld - Slotermeer",108,2017-09-01
"709","2017","09","IJburg - Zeeburgereiland",138,2017-09-01
"710","2017","09","Noord-Oost",92,2017-09-01
"711","2017","09","Noord-West",166,2017-09-01
"712","2017","09","Oostelijk Havengebied - Indische Buurt",329,2017-09-01
"713","2017","09","Osdorp",64,2017-09-01
"714","2017","09","Oud-Noord",243,2017-09-01
"715","2017","09","Oud-Oost",427,2017-09-01
"716","2017","09","Slotervaart",148,2017-09-01
"717","2017","09","Watergraafsmeer",141,2017-09-01
"718","2017","09","Westerpark",547,2017-09-01
"719","2017","09","Zuid",511,2017-09-01
"720","2017","10","Bijlmer-Centrum",41,2017-10-01
"721","2017","10","Bijlmer-Oost",56,2017-10-01
"722","2017","10","Bos en Lommer",362,2017-10-01
"723","2017","10","Buitenveldert - Zuidas",69,2017-10-01
"724","2017","10","Centrum-Oost",898,2017-10-01
"725","2017","10","Centrum-West",1215,2017-10-01
"726","2017","10","De Aker - Nieuw Sloten",68,2017-10-01
"727","2017","10","De Baarsjes - Oud-West",1179,2017-10-01
"728","2017","10","De Pijp - Rivierenbuurt",913,2017-10-01
"729","2017","10","Gaasperdam - Driemond",72,2017-10-01
"730","2017","10","Geuzenveld - Slotermeer",83,2017-10-01
"731","2017","10","IJburg - Zeeburgereiland",173,2017-10-01
"732","2017","10","Noord-Oost",93,2017-10-01
"733","2017","10","Noord-West",165,2017-10-01
"734","2017","10","Oostelijk Havengebied - Indische Buurt",344,2017-10-01
"735","2017","10","Osdorp",59,2017-10-01
"736","2017","10","Oud-Noord",266,2017-10-01
"737","2017","10","Oud-Oost",397,2017-10-01
"738","2017","10","Slotervaart",173,2017-10-01
"739","2017","10","Watergraafsmeer",140,2017-10-01
"740","2017","10","Westerpark",518,2017-10-01
"741","2017","10","Zuid",542,2017-10-01
"742","2017","11","Bijlmer-Centrum",43,2017-11-01
"743","2017","11","Bijlmer-Oost",30,2017-11-01
"744","2017","11","Bos en Lommer",232,2017-11-01
"745","2017","11","Buitenveldert - Zuidas",37,2017-11-01
"746","2017","11","Centrum-Oost",636,2017-11-01
"747","2017","11","Centrum-West",925,2017-11-01
"748","2017","11","De Aker - Nieuw Sloten",45,2017-11-01
"749","2017","11","De Baarsjes - Oud-West",812,2017-11-01
"750","2017","11","De Pijp - Rivierenbuurt",591,2017-11-01
"751","2017","11","Gaasperdam - Driemond",52,2017-11-01
"752","2017","11","Geuzenveld - Slotermeer",41,2017-11-01
"753","2017","11","IJburg - Zeeburgereiland",105,2017-11-01
"754","2017","11","Noord-Oost",46,2017-11-01
"755","2017","11","Noord-West",114,2017-11-01
"756","2017","11","Oostelijk Havengebied - Indische Buurt",216,2017-11-01
"757","2017","11","Osdorp",37,2017-11-01
"758","2017","11","Oud-Noord",176,2017-11-01
"759","2017","11","Oud-Oost",248,2017-11-01
"760","2017","11","Slotervaart",130,2017-11-01
"761","2017","11","Watergraafsmeer",84,2017-11-01
"762","2017","11","Westerpark",325,2017-11-01
"763","2017","11","Zuid",324,2017-11-01
"764","2017","12","Bijlmer-Centrum",28,2017-12-01
"765","2017","12","Bijlmer-Oost",24,2017-12-01
"766","2017","12","Bos en Lommer",207,2017-12-01
"767","2017","12","Buitenveldert - Zuidas",29,2017-12-01
"768","2017","12","Centrum-Oost",604,2017-12-01
"769","2017","12","Centrum-West",846,2017-12-01
"770","2017","12","De Aker - Nieuw Sloten",49,2017-12-01
"771","2017","12","De Baarsjes - Oud-West",757,2017-12-01
"772","2017","12","De Pijp - Rivierenbuurt",522,2017-12-01
"773","2017","12","Gaasperdam - Driemond",28,2017-12-01
"774","2017","12","Geuzenveld - Slotermeer",47,2017-12-01
"775","2017","12","IJburg - Zeeburgereiland",80,2017-12-01
"776","2017","12","Noord-Oost",45,2017-12-01
"777","2017","12","Noord-West",92,2017-12-01
"778","2017","12","Oostelijk Havengebied - Indische Buurt",162,2017-12-01
"779","2017","12","Osdorp",32,2017-12-01
"780","2017","12","Oud-Noord",182,2017-12-01
"781","2017","12","Oud-Oost",224,2017-12-01
"782","2017","12","Slotervaart",94,2017-12-01
"783","2017","12","Watergraafsmeer",74,2017-12-01
"784","2017","12","Westerpark",287,2017-12-01
"785","2017","12","Zuid",285,2017-12-01
"786","2018","01","Bijlmer-Centrum",34,2018-01-01
"787","2018","01","Bijlmer-Oost",31,2018-01-01
"788","2018","01","Bos en Lommer",277,2018-01-01
"789","2018","01","Buitenveldert - Zuidas",39,2018-01-01
"790","2018","01","Centrum-Oost",672,2018-01-01
"791","2018","01","Centrum-West",892,2018-01-01
"792","2018","01","De Aker - Nieuw Sloten",39,2018-01-01
"793","2018","01","De Baarsjes - Oud-West",898,2018-01-01
"794","2018","01","De Pijp - Rivierenbuurt",590,2018-01-01
"795","2018","01","Gaasperdam - Driemond",29,2018-01-01
"796","2018","01","Geuzenveld - Slotermeer",49,2018-01-01
"797","2018","01","IJburg - Zeeburgereiland",97,2018-01-01
"798","2018","01","Noord-Oost",70,2018-01-01
"799","2018","01","Noord-West",108,2018-01-01
"800","2018","01","Oostelijk Havengebied - Indische Buurt",230,2018-01-01
"801","2018","01","Osdorp",32,2018-01-01
"802","2018","01","Oud-Noord",198,2018-01-01
"803","2018","01","Oud-Oost",275,2018-01-01
"804","2018","01","Slotervaart",109,2018-01-01
"805","2018","01","Watergraafsmeer",97,2018-01-01
"806","2018","01","Westerpark",349,2018-01-01
"807","2018","01","Zuid",337,2018-01-01
"808","2018","02","Bijlmer-Centrum",32,2018-02-01
"809","2018","02","Bijlmer-Oost",32,2018-02-01
"810","2018","02","Bos en Lommer",261,2018-02-01
"811","2018","02","Buitenveldert - Zuidas",38,2018-02-01
"812","2018","02","Centrum-Oost",735,2018-02-01
"813","2018","02","Centrum-West",921,2018-02-01
"814","2018","02","De Aker - Nieuw Sloten",61,2018-02-01
"815","2018","02","De Baarsjes - Oud-West",809,2018-02-01
"816","2018","02","De Pijp - Rivierenbuurt",621,2018-02-01
"817","2018","02","Gaasperdam - Driemond",45,2018-02-01
"818","2018","02","Geuzenveld - Slotermeer",61,2018-02-01
"819","2018","02","IJburg - Zeeburgereiland",79,2018-02-01
"820","2018","02","Noord-Oost",50,2018-02-01
"821","2018","02","Noord-West",99,2018-02-01
"822","2018","02","Oostelijk Havengebied - Indische Buurt",184,2018-02-01
"823","2018","02","Osdorp",34,2018-02-01
"824","2018","02","Oud-Noord",210,2018-02-01
"825","2018","02","Oud-Oost",234,2018-02-01
"826","2018","02","Slotervaart",113,2018-02-01
"827","2018","02","Watergraafsmeer",94,2018-02-01
"828","2018","02","Westerpark",297,2018-02-01
"829","2018","02","Zuid",332,2018-02-01
"830","2018","03","Bijlmer-Centrum",60,2018-03-01
"831","2018","03","Bijlmer-Oost",46,2018-03-01
"832","2018","03","Bos en Lommer",330,2018-03-01
"833","2018","03","Buitenveldert - Zuidas",53,2018-03-01
"834","2018","03","Centrum-Oost",841,2018-03-01
"835","2018","03","Centrum-West",1134,2018-03-01
"836","2018","03","De Aker - Nieuw Sloten",61,2018-03-01
"837","2018","03","De Baarsjes - Oud-West",1018,2018-03-01
"838","2018","03","De Pijp - Rivierenbuurt",756,2018-03-01
"839","2018","03","Gaasperdam - Driemond",52,2018-03-01
"840","2018","03","Geuzenveld - Slotermeer",83,2018-03-01
"841","2018","03","IJburg - Zeeburgereiland",112,2018-03-01
"842","2018","03","Noord-Oost",67,2018-03-01
"843","2018","03","Noord-West",130,2018-03-01
"844","2018","03","Oostelijk Havengebied - Indische Buurt",261,2018-03-01
"845","2018","03","Osdorp",53,2018-03-01
"846","2018","03","Oud-Noord",243,2018-03-01
"847","2018","03","Oud-Oost",302,2018-03-01
"848","2018","03","Slotervaart",132,2018-03-01
"849","2018","03","Watergraafsmeer",120,2018-03-01
"850","2018","03","Westerpark",403,2018-03-01
"851","2018","03","Zuid",383,2018-03-01
"852","2018","04","Bijlmer-Centrum",76,2018-04-01
"853","2018","04","Bijlmer-Oost",63,2018-04-01
"854","2018","04","Bos en Lommer",464,2018-04-01
"855","2018","04","Buitenveldert - Zuidas",99,2018-04-01
"856","2018","04","Centrum-Oost",1147,2018-04-01
"857","2018","04","Centrum-West",1594,2018-04-01
"858","2018","04","De Aker - Nieuw Sloten",101,2018-04-01
"859","2018","04","De Baarsjes - Oud-West",1547,2018-04-01
"860","2018","04","De Pijp - Rivierenbuurt",1189,2018-04-01
"861","2018","04","Gaasperdam - Driemond",114,2018-04-01
"862","2018","04","Geuzenveld - Slotermeer",127,2018-04-01
"863","2018","04","IJburg - Zeeburgereiland",199,2018-04-01
"864","2018","04","Noord-Oost",127,2018-04-01
"865","2018","04","Noord-West",226,2018-04-01
"866","2018","04","Oostelijk Havengebied - Indische Buurt",401,2018-04-01
"867","2018","04","Osdorp",62,2018-04-01
"868","2018","04","Oud-Noord",368,2018-04-01
"869","2018","04","Oud-Oost",506,2018-04-01
"870","2018","04","Slotervaart",177,2018-04-01
"871","2018","04","Watergraafsmeer",207,2018-04-01
"872","2018","04","Westerpark",649,2018-04-01
"873","2018","04","Zuid",740,2018-04-01
"874","2018","05","Bijlmer-Centrum",80,2018-05-01
"875","2018","05","Bijlmer-Oost",68,2018-05-01
"876","2018","05","Bos en Lommer",514,2018-05-01
"877","2018","05","Buitenveldert - Zuidas",94,2018-05-01
"878","2018","05","Centrum-Oost",1178,2018-05-01
"879","2018","05","Centrum-West",1620,2018-05-01
"880","2018","05","De Aker - Nieuw Sloten",102,2018-05-01
"881","2018","05","De Baarsjes - Oud-West",1499,2018-05-01
"882","2018","05","De Pijp - Rivierenbuurt",1198,2018-05-01
"883","2018","05","Gaasperdam - Driemond",140,2018-05-01
"884","2018","05","Geuzenveld - Slotermeer",140,2018-05-01
"885","2018","05","IJburg - Zeeburgereiland",198,2018-05-01
"886","2018","05","Noord-Oost",151,2018-05-01
"887","2018","05","Noord-West",213,2018-05-01
"888","2018","05","Oostelijk Havengebied - Indische Buurt",387,2018-05-01
"889","2018","05","Osdorp",83,2018-05-01
"890","2018","05","Oud-Noord",346,2018-05-01
"891","2018","05","Oud-Oost",500,2018-05-01
"892","2018","05","Slotervaart",193,2018-05-01
"893","2018","05","Watergraafsmeer",240,2018-05-01
"894","2018","05","Westerpark",665,2018-05-01
"895","2018","05","Zuid",760,2018-05-01
"896","2018","06","Bijlmer-Centrum",86,2018-06-01
"897","2018","06","Bijlmer-Oost",51,2018-06-01
"898","2018","06","Bos en Lommer",442,2018-06-01
"899","2018","06","Buitenveldert - Zuidas",70,2018-06-01
"900","2018","06","Centrum-Oost",1085,2018-06-01
"901","2018","06","Centrum-West",1605,2018-06-01
"902","2018","06","De Aker - Nieuw Sloten",78,2018-06-01
"903","2018","06","De Baarsjes - Oud-West",1327,2018-06-01
"904","2018","06","De Pijp - Rivierenbuurt",1030,2018-06-01
"905","2018","06","Gaasperdam - Driemond",111,2018-06-01
"906","2018","06","Geuzenveld - Slotermeer",104,2018-06-01
"907","2018","06","IJburg - Zeeburgereiland",189,2018-06-01
"908","2018","06","Noord-Oost",142,2018-06-01
"909","2018","06","Noord-West",208,2018-06-01
"910","2018","06","Oostelijk Havengebied - Indische Buurt",373,2018-06-01
"911","2018","06","Osdorp",76,2018-06-01
"912","2018","06","Oud-Noord",367,2018-06-01
"913","2018","06","Oud-Oost",438,2018-06-01
"914","2018","06","Slotervaart",182,2018-06-01
"915","2018","06","Watergraafsmeer",201,2018-06-01
"916","2018","06","Westerpark",579,2018-06-01
"917","2018","06","Zuid",655,2018-06-01
"918","2018","07","Bijlmer-Centrum",65,2018-07-01
"919","2018","07","Bijlmer-Oost",60,2018-07-01
"920","2018","07","Bos en Lommer",486,2018-07-01
"921","2018","07","Buitenveldert - Zuidas",82,2018-07-01
"922","2018","07","Centrum-Oost",1195,2018-07-01
"923","2018","07","Centrum-West",1635,2018-07-01
"924","2018","07","De Aker - Nieuw Sloten",89,2018-07-01
"925","2018","07","De Baarsjes - Oud-West",1516,2018-07-01
"926","2018","07","De Pijp - Rivierenbuurt",1136,2018-07-01
"927","2018","07","Gaasperdam - Driemond",118,2018-07-01
"928","2018","07","Geuzenveld - Slotermeer",97,2018-07-01
"929","2018","07","IJburg - Zeeburgereiland",214,2018-07-01
"930","2018","07","Noord-Oost",171,2018-07-01
"931","2018","07","Noord-West",233,2018-07-01
"932","2018","07","Oostelijk Havengebied - Indische Buurt",420,2018-07-01
"933","2018","07","Osdorp",85,2018-07-01
"934","2018","07","Oud-Noord",389,2018-07-01
"935","2018","07","Oud-Oost",469,2018-07-01
"936","2018","07","Slotervaart",196,2018-07-01
"937","2018","07","Watergraafsmeer",202,2018-07-01
"938","2018","07","Westerpark",600,2018-07-01
"939","2018","07","Zuid",679,2018-07-01
"940","2018","08","Bijlmer-Centrum",63,2018-08-01
"941","2018","08","Bijlmer-Oost",64,2018-08-01
"942","2018","08","Bos en Lommer",503,2018-08-01
"943","2018","08","Buitenveldert - Zuidas",87,2018-08-01
"944","2018","08","Centrum-Oost",1103,2018-08-01
"945","2018","08","Centrum-West",1600,2018-08-01
"946","2018","08","De Aker - Nieuw Sloten",86,2018-08-01
"947","2018","08","De Baarsjes - Oud-West",1639,2018-08-01
"948","2018","08","De Pijp - Rivierenbuurt",1082,2018-08-01
"949","2018","08","Gaasperdam - Driemond",108,2018-08-01
"950","2018","08","Geuzenveld - Slotermeer",99,2018-08-01
"951","2018","08","IJburg - Zeeburgereiland",284,2018-08-01
"952","2018","08","Noord-Oost",184,2018-08-01
"953","2018","08","Noord-West",228,2018-08-01
"954","2018","08","Oostelijk Havengebied - Indische Buurt",461,2018-08-01
"955","2018","08","Osdorp",83,2018-08-01
"956","2018","08","Oud-Noord",417,2018-08-01
"957","2018","08","Oud-Oost",555,2018-08-01
"958","2018","08","Slotervaart",194,2018-08-01
"959","2018","08","Watergraafsmeer",265,2018-08-01
"960","2018","08","Westerpark",660,2018-08-01
"961","2018","08","Zuid",685,2018-08-01
"962","2018","09","Bijlmer-Centrum",81,2018-09-01
"963","2018","09","Bijlmer-Oost",76,2018-09-01
"964","2018","09","Bos en Lommer",485,2018-09-01
"965","2018","09","Buitenveldert - Zuidas",88,2018-09-01
"966","2018","09","Centrum-Oost",1108,2018-09-01
"967","2018","09","Centrum-West",1710,2018-09-01
"968","2018","09","De Aker - Nieuw Sloten",92,2018-09-01
"969","2018","09","De Baarsjes - Oud-West",1456,2018-09-01
"970","2018","09","De Pijp - Rivierenbuurt",1196,2018-09-01
"971","2018","09","Gaasperdam - Driemond",87,2018-09-01
"972","2018","09","Geuzenveld - Slotermeer",99,2018-09-01
"973","2018","09","IJburg - Zeeburgereiland",154,2018-09-01
"974","2018","09","Noord-Oost",121,2018-09-01
"975","2018","09","Noord-West",184,2018-09-01
"976","2018","09","Oostelijk Havengebied - Indische Buurt",368,2018-09-01
"977","2018","09","Osdorp",70,2018-09-01
"978","2018","09","Oud-Noord",330,2018-09-01
"979","2018","09","Oud-Oost",460,2018-09-01
"980","2018","09","Slotervaart",178,2018-09-01
"981","2018","09","Watergraafsmeer",203,2018-09-01
"982","2018","09","Westerpark",639,2018-09-01
"983","2018","09","Zuid",631,2018-09-01
"984","2018","10","Bijlmer-Centrum",83,2018-10-01
"985","2018","10","Bijlmer-Oost",62,2018-10-01
"986","2018","10","Bos en Lommer",459,2018-10-01
"987","2018","10","Buitenveldert - Zuidas",88,2018-10-01
"988","2018","10","Centrum-Oost",1195,2018-10-01
"989","2018","10","Centrum-West",1714,2018-10-01
"990","2018","10","De Aker - Nieuw Sloten",80,2018-10-01
"991","2018","10","De Baarsjes - Oud-West",1399,2018-10-01
"992","2018","10","De Pijp - Rivierenbuurt",1091,2018-10-01
"993","2018","10","Gaasperdam - Driemond",78,2018-10-01
"994","2018","10","Geuzenveld - Slotermeer",136,2018-10-01
"995","2018","10","IJburg - Zeeburgereiland",171,2018-10-01
"996","2018","10","Noord-Oost",114,2018-10-01
"997","2018","10","Noord-West",211,2018-10-01
"998","2018","10","Oostelijk Havengebied - Indische Buurt",368,2018-10-01
"999","2018","10","Osdorp",65,2018-10-01
"1000","2018","10","Oud-Noord",371,2018-10-01
"1001","2018","10","Oud-Oost",479,2018-10-01
"1002","2018","10","Slotervaart",207,2018-10-01
"1003","2018","10","Watergraafsmeer",183,2018-10-01
"1004","2018","10","Westerpark",577,2018-10-01
"1005","2018","10","Zuid",663,2018-10-01
"1006","2018","11","Bijlmer-Centrum",56,2018-11-01
"1007","2018","11","Bijlmer-Oost",45,2018-11-01
"1008","2018","11","Bos en Lommer",301,2018-11-01
"1009","2018","11","Buitenveldert - Zuidas",66,2018-11-01
"1010","2018","11","Centrum-Oost",970,2018-11-01
"1011","2018","11","Centrum-West",1324,2018-11-01
"1012","2018","11","De Aker - Nieuw Sloten",46,2018-11-01
"1013","2018","11","De Baarsjes - Oud-West",967,2018-11-01
"1014","2018","11","De Pijp - Rivierenbuurt",851,2018-11-01
"1015","2018","11","Gaasperdam - Driemond",53,2018-11-01
"1016","2018","11","Geuzenveld - Slotermeer",79,2018-11-01
"1017","2018","11","IJburg - Zeeburgereiland",116,2018-11-01
"1018","2018","11","Noord-Oost",67,2018-11-01
"1019","2018","11","Noord-West",151,2018-11-01
"1020","2018","11","Oostelijk Havengebied - Indische Buurt",243,2018-11-01
"1021","2018","11","Osdorp",39,2018-11-01
"1022","2018","11","Oud-Noord",275,2018-11-01
"1023","2018","11","Oud-Oost",304,2018-11-01
"1024","2018","11","Slotervaart",156,2018-11-01
"1025","2018","11","Watergraafsmeer",142,2018-11-01
"1026","2018","11","Westerpark",418,2018-11-01
"1027","2018","11","Zuid",429,2018-11-01
"1028","2018","12","Bijlmer-Centrum",55,2018-12-01
"1029","2018","12","Bijlmer-Oost",32,2018-12-01
"1030","2018","12","Bos en Lommer",244,2018-12-01
"1031","2018","12","Buitenveldert - Zuidas",53,2018-12-01
"1032","2018","12","Centrum-Oost",821,2018-12-01
"1033","2018","12","Centrum-West",1164,2018-12-01
"1034","2018","12","De Aker - Nieuw Sloten",50,2018-12-01
"1035","2018","12","De Baarsjes - Oud-West",874,2018-12-01
"1036","2018","12","De Pijp - Rivierenbuurt",707,2018-12-01
"1037","2018","12","Gaasperdam - Driemond",30,2018-12-01
"1038","2018","12","Geuzenveld - Slotermeer",59,2018-12-01
"1039","2018","12","IJburg - Zeeburgereiland",100,2018-12-01
"1040","2018","12","Noord-Oost",43,2018-12-01
"1041","2018","12","Noord-West",112,2018-12-01
"1042","2018","12","Oostelijk Havengebied - Indische Buurt",201,2018-12-01
"1043","2018","12","Osdorp",32,2018-12-01
"1044","2018","12","Oud-Noord",238,2018-12-01
"1045","2018","12","Oud-Oost",249,2018-12-01
"1046","2018","12","Slotervaart",127,2018-12-01
"1047","2018","12","Watergraafsmeer",117,2018-12-01
"1048","2018","12","Westerpark",363,2018-12-01
"1049","2018","12","Zuid",379,2018-12-01
"1050","2019","01","Bijlmer-Centrum",50,2019-01-01
"1051","2019","01","Bijlmer-Oost",39,2019-01-01
"1052","2019","01","Bos en Lommer",257,2019-01-01
"1053","2019","01","Buitenveldert - Zuidas",54,2019-01-01
"1054","2019","01","Centrum-Oost",884,2019-01-01
"1055","2019","01","Centrum-West",1295,2019-01-01
"1056","2019","01","De Aker - Nieuw Sloten",62,2019-01-01
"1057","2019","01","De Baarsjes - Oud-West",948,2019-01-01
"1058","2019","01","De Pijp - Rivierenbuurt",703,2019-01-01
"1059","2019","01","Gaasperdam - Driemond",37,2019-01-01
"1060","2019","01","Geuzenveld - Slotermeer",83,2019-01-01
"1061","2019","01","IJburg - Zeeburgereiland",112,2019-01-01
"1062","2019","01","Noord-Oost",62,2019-01-01
"1063","2019","01","Noord-West",134,2019-01-01
"1064","2019","01","Oostelijk Havengebied - Indische Buurt",235,2019-01-01
"1065","2019","01","Osdorp",31,2019-01-01
"1066","2019","01","Oud-Noord",263,2019-01-01
"1067","2019","01","Oud-Oost",277,2019-01-01
"1068","2019","01","Slotervaart",119,2019-01-01
"1069","2019","01","Watergraafsmeer",133,2019-01-01
"1070","2019","01","Westerpark",390,2019-01-01
"1071","2019","01","Zuid",373,2019-01-01
"1072","2019","02","Bijlmer-Centrum",52,2019-02-01
"1073","2019","02","Bijlmer-Oost",49,2019-02-01
"1074","2019","02","Bos en Lommer",271,2019-02-01
"1075","2019","02","Buitenveldert - Zuidas",57,2019-02-01
"1076","2019","02","Centrum-Oost",918,2019-02-01
"1077","2019","02","Centrum-West",1380,2019-02-01
"1078","2019","02","De Aker - Nieuw Sloten",83,2019-02-01
"1079","2019","02","De Baarsjes - Oud-West",955,2019-02-01
"1080","2019","02","De Pijp - Rivierenbuurt",659,2019-02-01
"1081","2019","02","Gaasperdam - Driemond",50,2019-02-01
"1082","2019","02","Geuzenveld - Slotermeer",105,2019-02-01
"1083","2019","02","IJburg - Zeeburgereiland",97,2019-02-01
"1084","2019","02","Noord-Oost",68,2019-02-01
"1085","2019","02","Noord-West",125,2019-02-01
"1086","2019","02","Oostelijk Havengebied - Indische Buurt",236,2019-02-01
"1087","2019","02","Osdorp",39,2019-02-01
"1088","2019","02","Oud-Noord",254,2019-02-01
"1089","2019","02","Oud-Oost",270,2019-02-01
"1090","2019","02","Slotervaart",154,2019-02-01
"1091","2019","02","Watergraafsmeer",127,2019-02-01
"1092","2019","02","Westerpark",328,2019-02-01
"1093","2019","02","Zuid",399,2019-02-01
"1094","2019","03","Bijlmer-Centrum",63,2019-03-01
"1095","2019","03","Bijlmer-Oost",60,2019-03-01
"1096","2019","03","Bos en Lommer",345,2019-03-01
"1097","2019","03","Buitenveldert - Zuidas",75,2019-03-01
"1098","2019","03","Centrum-Oost",1155,2019-03-01
"1099","2019","03","Centrum-West",1667,2019-03-01
"1100","2019","03","De Aker - Nieuw Sloten",86,2019-03-01
"1101","2019","03","De Baarsjes - Oud-West",1197,2019-03-01
"1102","2019","03","De Pijp - Rivierenbuurt",860,2019-03-01
"1103","2019","03","Gaasperdam - Driemond",62,2019-03-01
"1104","2019","03","Geuzenveld - Slotermeer",103,2019-03-01
"1105","2019","03","IJburg - Zeeburgereiland",146,2019-03-01
"1106","2019","03","Noord-Oost",95,2019-03-01
"1107","2019","03","Noord-West",160,2019-03-01
"1108","2019","03","Oostelijk Havengebied - Indische Buurt",324,2019-03-01
"1109","2019","03","Osdorp",41,2019-03-01
"1110","2019","03","Oud-Noord",348,2019-03-01
"1111","2019","03","Oud-Oost",357,2019-03-01
"1112","2019","03","Slotervaart",191,2019-03-01
"1113","2019","03","Watergraafsmeer",145,2019-03-01
"1114","2019","03","Westerpark",463,2019-03-01
"1115","2019","03","Zuid",486,2019-03-01
"1116","2019","04","Bijlmer-Centrum",91,2019-04-01
"1117","2019","04","Bijlmer-Oost",67,2019-04-01
"1118","2019","04","Bos en Lommer",496,2019-04-01
"1119","2019","04","Buitenveldert - Zuidas",146,2019-04-01
"1120","2019","04","Centrum-Oost",1466,2019-04-01
"1121","2019","04","Centrum-West",2038,2019-04-01
"1122","2019","04","De Aker - Nieuw Sloten",155,2019-04-01
"1123","2019","04","De Baarsjes - Oud-West",1623,2019-04-01
"1124","2019","04","De Pijp - Rivierenbuurt",1242,2019-04-01
"1125","2019","04","Gaasperdam - Driemond",123,2019-04-01
"1126","2019","04","Geuzenveld - Slotermeer",146,2019-04-01
"1127","2019","04","IJburg - Zeeburgereiland",281,2019-04-01
"1128","2019","04","Noord-Oost",209,2019-04-01
"1129","2019","04","Noord-West",298,2019-04-01
"1130","2019","04","Oostelijk Havengebied - Indische Buurt",466,2019-04-01
"1131","2019","04","Osdorp",90,2019-04-01
"1132","2019","04","Oud-Noord",456,2019-04-01
"1133","2019","04","Oud-Oost",510,2019-04-01
"1134","2019","04","Slotervaart",241,2019-04-01
"1135","2019","04","Watergraafsmeer",235,2019-04-01
"1136","2019","04","Westerpark",709,2019-04-01
"1137","2019","04","Zuid",850,2019-04-01
"1138","2019","05","Bijlmer-Centrum",104,2019-05-01
"1139","2019","05","Bijlmer-Oost",58,2019-05-01
"1140","2019","05","Bos en Lommer",428,2019-05-01
"1141","2019","05","Buitenveldert - Zuidas",118,2019-05-01
"1142","2019","05","Centrum-Oost",1348,2019-05-01
"1143","2019","05","Centrum-West",2052,2019-05-01
"1144","2019","05","De Aker - Nieuw Sloten",121,2019-05-01
"1145","2019","05","De Baarsjes - Oud-West",1408,2019-05-01
"1146","2019","05","De Pijp - Rivierenbuurt",1110,2019-05-01
"1147","2019","05","Gaasperdam - Driemond",104,2019-05-01
"1148","2019","05","Geuzenveld - Slotermeer",155,2019-05-01
"1149","2019","05","IJburg - Zeeburgereiland",236,2019-05-01
"1150","2019","05","Noord-Oost",177,2019-05-01
"1151","2019","05","Noord-West",267,2019-05-01
"1152","2019","05","Oostelijk Havengebied - Indische Buurt",425,2019-05-01
"1153","2019","05","Osdorp",67,2019-05-01
"1154","2019","05","Oud-Noord",442,2019-05-01
"1155","2019","05","Oud-Oost",491,2019-05-01
"1156","2019","05","Slotervaart",218,2019-05-01
"1157","2019","05","Watergraafsmeer",207,2019-05-01
"1158","2019","05","Westerpark",594,2019-05-01
"1159","2019","05","Zuid",724,2019-05-01
"1160","2019","06","Bijlmer-Centrum",110,2019-06-01
"1161","2019","06","Bijlmer-Oost",79,2019-06-01
"1162","2019","06","Bos en Lommer",474,2019-06-01
"1163","2019","06","Buitenveldert - Zuidas",136,2019-06-01
"1164","2019","06","Centrum-Oost",1382,2019-06-01
"1165","2019","06","Centrum-West",2100,2019-06-01
"1166","2019","06","De Aker - Nieuw Sloten",153,2019-06-01
"1167","2019","06","De Baarsjes - Oud-West",1523,2019-06-01
"1168","2019","06","De Pijp - Rivierenbuurt",1187,2019-06-01
"1169","2019","06","Gaasperdam - Driemond",150,2019-06-01
"1170","2019","06","Geuzenveld - Slotermeer",191,2019-06-01
"1171","2019","06","IJburg - Zeeburgereiland",241,2019-06-01
"1172","2019","06","Noord-Oost",184,2019-06-01
"1173","2019","06","Noord-West",305,2019-06-01
"1174","2019","06","Oostelijk Havengebied - Indische Buurt",448,2019-06-01
"1175","2019","06","Osdorp",65,2019-06-01
"1176","2019","06","Oud-Noord",414,2019-06-01
"1177","2019","06","Oud-Oost",525,2019-06-01
"1178","2019","06","Slotervaart",250,2019-06-01
"1179","2019","06","Watergraafsmeer",248,2019-06-01
"1180","2019","06","Westerpark",648,2019-06-01
"1181","2019","06","Zuid",693,2019-06-01
"1182","2019","07","Bijlmer-Centrum",74,2019-07-01
"1183","2019","07","Bijlmer-Oost",55,2019-07-01
"1184","2019","07","Bos en Lommer",416,2019-07-01
"1185","2019","07","Buitenveldert - Zuidas",105,2019-07-01
"1186","2019","07","Centrum-Oost",1242,2019-07-01
"1187","2019","07","Centrum-West",1990,2019-07-01
"1188","2019","07","De Aker - Nieuw Sloten",141,2019-07-01
"1189","2019","07","De Baarsjes - Oud-West",1447,2019-07-01
"1190","2019","07","De Pijp - Rivierenbuurt",1068,2019-07-01
"1191","2019","07","Gaasperdam - Driemond",102,2019-07-01
"1192","2019","07","Geuzenveld - Slotermeer",147,2019-07-01
"1193","2019","07","IJburg - Zeeburgereiland",242,2019-07-01
"1194","2019","07","Noord-Oost",189,2019-07-01
"1195","2019","07","Noord-West",260,2019-07-01
"1196","2019","07","Oostelijk Havengebied - Indische Buurt",387,2019-07-01
"1197","2019","07","Osdorp",72,2019-07-01
"1198","2019","07","Oud-Noord",424,2019-07-01
"1199","2019","07","Oud-Oost",523,2019-07-01
"1200","2019","07","Slotervaart",191,2019-07-01
"1201","2019","07","Watergraafsmeer",208,2019-07-01
"1202","2019","07","Westerpark",555,2019-07-01
"1203","2019","07","Zuid",633,2019-07-01
"1204","2019","08","Bijlmer-Centrum",111,2019-08-01
"1205","2019","08","Bijlmer-Oost",64,2019-08-01
"1206","2019","08","Bos en Lommer",483,2019-08-01
"1207","2019","08","Buitenveldert - Zuidas",117,2019-08-01
"1208","2019","08","Centrum-Oost",1230,2019-08-01
"1209","2019","08","Centrum-West",1896,2019-08-01
"1210","2019","08","De Aker - Nieuw Sloten",129,2019-08-01
"1211","2019","08","De Baarsjes - Oud-West",1549,2019-08-01
"1212","2019","08","De Pijp - Rivierenbuurt",1048,2019-08-01
"1213","2019","08","Gaasperdam - Driemond",109,2019-08-01
"1214","2019","08","Geuzenveld - Slotermeer",196,2019-08-01
"1215","2019","08","IJburg - Zeeburgereiland",285,2019-08-01
"1216","2019","08","Noord-Oost",217,2019-08-01
"1217","2019","08","Noord-West",302,2019-08-01
"1218","2019","08","Oostelijk Havengebied - Indische Buurt",447,2019-08-01
"1219","2019","08","Osdorp",88,2019-08-01
"1220","2019","08","Oud-Noord",455,2019-08-01
"1221","2019","08","Oud-Oost",634,2019-08-01
"1222","2019","08","Slotervaart",186,2019-08-01
"1223","2019","08","Watergraafsmeer",257,2019-08-01
"1224","2019","08","Westerpark",611,2019-08-01
"1225","2019","08","Zuid",666,2019-08-01
"1226","2019","09","Bijlmer-Centrum",95,2019-09-01
"1227","2019","09","Bijlmer-Oost",64,2019-09-01
"1228","2019","09","Bos en Lommer",465,2019-09-01
"1229","2019","09","Buitenveldert - Zuidas",113,2019-09-01
"1230","2019","09","Centrum-Oost",1305,2019-09-01
"1231","2019","09","Centrum-West",1993,2019-09-01
"1232","2019","09","De Aker - Nieuw Sloten",120,2019-09-01
"1233","2019","09","De Baarsjes - Oud-West",1477,2019-09-01
"1234","2019","09","De Pijp - Rivierenbuurt",1124,2019-09-01
"1235","2019","09","Gaasperdam - Driemond",110,2019-09-01
"1236","2019","09","Geuzenveld - Slotermeer",141,2019-09-01
"1237","2019","09","IJburg - Zeeburgereiland",198,2019-09-01
"1238","2019","09","Noord-Oost",178,2019-09-01
"1239","2019","09","Noord-West",217,2019-09-01
"1240","2019","09","Oostelijk Havengebied - Indische Buurt",425,2019-09-01
"1241","2019","09","Osdorp",52,2019-09-01
"1242","2019","09","Oud-Noord",334,2019-09-01
"1243","2019","09","Oud-Oost",579,2019-09-01
"1244","2019","09","Slotervaart",212,2019-09-01
"1245","2019","09","Watergraafsmeer",210,2019-09-01
"1246","2019","09","Westerpark",681,2019-09-01
"1247","2019","09","Zuid",617,2019-09-01
"1248","2019","10","Bijlmer-Centrum",106,2019-10-01
"1249","2019","10","Bijlmer-Oost",71,2019-10-01
"1250","2019","10","Bos en Lommer",407,2019-10-01
"1251","2019","10","Buitenveldert - Zuidas",123,2019-10-01
"1252","2019","10","Centrum-Oost",1261,2019-10-01
"1253","2019","10","Centrum-West",1901,2019-10-01
"1254","2019","10","De Aker - Nieuw Sloten",128,2019-10-01
"1255","2019","10","De Baarsjes - Oud-West",1335,2019-10-01
"1256","2019","10","De Pijp - Rivierenbuurt",1021,2019-10-01
"1257","2019","10","Gaasperdam - Driemond",106,2019-10-01
"1258","2019","10","Geuzenveld - Slotermeer",168,2019-10-01
"1259","2019","10","IJburg - Zeeburgereiland",216,2019-10-01
"1260","2019","10","Noord-Oost",147,2019-10-01
"1261","2019","10","Noord-West",213,2019-10-01
"1262","2019","10","Oostelijk Havengebied - Indische Buurt",384,2019-10-01
"1263","2019","10","Osdorp",71,2019-10-01
"1264","2019","10","Oud-Noord",368,2019-10-01
"1265","2019","10","Oud-Oost",594,2019-10-01
"1266","2019","10","Slotervaart",238,2019-10-01
"1267","2019","10","Watergraafsmeer",201,2019-10-01
"1268","2019","10","Westerpark",601,2019-10-01
"1269","2019","10","Zuid",687,2019-10-01
"1270","2019","11","Bijlmer-Centrum",66,2019-11-01
"1271","2019","11","Bijlmer-Oost",46,2019-11-01
"1272","2019","11","Bos en Lommer",264,2019-11-01
"1273","2019","11","Buitenveldert - Zuidas",92,2019-11-01
"1274","2019","11","Centrum-Oost",1084,2019-11-01
"1275","2019","11","Centrum-West",1688,2019-11-01
"1276","2019","11","De Aker - Nieuw Sloten",91,2019-11-01
"1277","2019","11","De Baarsjes - Oud-West",1041,2019-11-01
"1278","2019","11","De Pijp - Rivierenbuurt",781,2019-11-01
"1279","2019","11","Gaasperdam - Driemond",54,2019-11-01
"1280","2019","11","Geuzenveld - Slotermeer",126,2019-11-01
"1281","2019","11","IJburg - Zeeburgereiland",134,2019-11-01
"1282","2019","11","Noord-Oost",114,2019-11-01
"1283","2019","11","Noord-West",130,2019-11-01
"1284","2019","11","Oostelijk Havengebied - Indische Buurt",280,2019-11-01
"1285","2019","11","Osdorp",54,2019-11-01
"1286","2019","11","Oud-Noord",333,2019-11-01
"1287","2019","11","Oud-Oost",498,2019-11-01
"1288","2019","11","Slotervaart",172,2019-11-01
"1289","2019","11","Watergraafsmeer",158,2019-11-01
"1290","2019","11","Westerpark",405,2019-11-01
"1291","2019","11","Zuid",447,2019-11-01
"1292","2019","12","Bijlmer-Centrum",61,2019-12-01
"1293","2019","12","Bijlmer-Oost",31,2019-12-01
"1294","2019","12","Bos en Lommer",241,2019-12-01
"1295","2019","12","Buitenveldert - Zuidas",70,2019-12-01
"1296","2019","12","Centrum-Oost",994,2019-12-01
"1297","2019","12","Centrum-West",1588,2019-12-01
"1298","2019","12","De Aker - Nieuw Sloten",66,2019-12-01
"1299","2019","12","De Baarsjes - Oud-West",929,2019-12-01
"1300","2019","12","De Pijp - Rivierenbuurt",686,2019-12-01
"1301","2019","12","Gaasperdam - Driemond",45,2019-12-01
"1302","2019","12","Geuzenveld - Slotermeer",104,2019-12-01
"1303","2019","12","IJburg - Zeeburgereiland",109,2019-12-01
"1304","2019","12","Noord-Oost",108,2019-12-01
"1305","2019","12","Noord-West",118,2019-12-01
"1306","2019","12","Oostelijk Havengebied - Indische Buurt",261,2019-12-01
"1307","2019","12","Osdorp",39,2019-12-01
"1308","2019","12","Oud-Noord",233,2019-12-01
"1309","2019","12","Oud-Oost",419,2019-12-01
"1310","2019","12","Slotervaart",154,2019-12-01
"1311","2019","12","Watergraafsmeer",126,2019-12-01
"1312","2019","12","Westerpark",392,2019-12-01
"1313","2019","12","Zuid",375,2019-12-01
"1314","2020","01","Bijlmer-Centrum",51,2020-01-01
"1315","2020","01","Bijlmer-Oost",39,2020-01-01
"1316","2020","01","Bos en Lommer",255,2020-01-01
"1317","2020","01","Buitenveldert - Zuidas",69,2020-01-01
"1318","2020","01","Centrum-Oost",959,2020-01-01
"1319","2020","01","Centrum-West",1508,2020-01-01
"1320","2020","01","De Aker - Nieuw Sloten",58,2020-01-01
"1321","2020","01","De Baarsjes - Oud-West",1000,2020-01-01
"1322","2020","01","De Pijp - Rivierenbuurt",719,2020-01-01
"1323","2020","01","Gaasperdam - Driemond",54,2020-01-01
"1324","2020","01","Geuzenveld - Slotermeer",97,2020-01-01
"1325","2020","01","IJburg - Zeeburgereiland",97,2020-01-01
"1326","2020","01","Noord-Oost",104,2020-01-01
"1327","2020","01","Noord-West",134,2020-01-01
"1328","2020","01","Oostelijk Havengebied - Indische Buurt",272,2020-01-01
"1329","2020","01","Osdorp",35,2020-01-01
"1330","2020","01","Oud-Noord",281,2020-01-01
"1331","2020","01","Oud-Oost",484,2020-01-01
"1332","2020","01","Slotervaart",157,2020-01-01
"1333","2020","01","Watergraafsmeer",156,2020-01-01
"1334","2020","01","Westerpark",405,2020-01-01
"1335","2020","01","Zuid",389,2020-01-01
"1336","2020","02","Bijlmer-Centrum",82,2020-02-01
"1337","2020","02","Bijlmer-Oost",34,2020-02-01
"1338","2020","02","Bos en Lommer",288,2020-02-01
"1339","2020","02","Buitenveldert - Zuidas",83,2020-02-01
"1340","2020","02","Centrum-Oost",1074,2020-02-01
"1341","2020","02","Centrum-West",1640,2020-02-01
"1342","2020","02","De Aker - Nieuw Sloten",72,2020-02-01
"1343","2020","02","De Baarsjes - Oud-West",1003,2020-02-01
"1344","2020","02","De Pijp - Rivierenbuurt",758,2020-02-01
"1345","2020","02","Gaasperdam - Driemond",52,2020-02-01
"1346","2020","02","Geuzenveld - Slotermeer",130,2020-02-01
"1347","2020","02","IJburg - Zeeburgereiland",115,2020-02-01
"1348","2020","02","Noord-Oost",83,2020-02-01
"1349","2020","02","Noord-West",139,2020-02-01
"1350","2020","02","Oostelijk Havengebied - Indische Buurt",273,2020-02-01
"1351","2020","02","Osdorp",39,2020-02-01
"1352","2020","02","Oud-Noord",257,2020-02-01
"1353","2020","02","Oud-Oost",467,2020-02-01
"1354","2020","02","Slotervaart",145,2020-02-01
"1355","2020","02","Watergraafsmeer",165,2020-02-01
"1356","2020","02","Westerpark",443,2020-02-01
"1357","2020","02","Zuid",354,2020-02-01
"1358","2020","03","Bijlmer-Centrum",31,2020-03-01
"1359","2020","03","Bijlmer-Oost",21,2020-03-01
"1360","2020","03","Bos en Lommer",153,2020-03-01
"1361","2020","03","Buitenveldert - Zuidas",33,2020-03-01
"1362","2020","03","Centrum-Oost",566,2020-03-01
"1363","2020","03","Centrum-West",810,2020-03-01
"1364","2020","03","De Aker - Nieuw Sloten",38,2020-03-01
"1365","2020","03","De Baarsjes - Oud-West",494,2020-03-01
"1366","2020","03","De Pijp - Rivierenbuurt",390,2020-03-01
"1367","2020","03","Gaasperdam - Driemond",22,2020-03-01
"1368","2020","03","Geuzenveld - Slotermeer",60,2020-03-01
"1369","2020","03","IJburg - Zeeburgereiland",51,2020-03-01
"1370","2020","03","Noord-Oost",46,2020-03-01
"1371","2020","03","Noord-West",78,2020-03-01
"1372","2020","03","Oostelijk Havengebied - Indische Buurt",149,2020-03-01
"1373","2020","03","Osdorp",38,2020-03-01
"1374","2020","03","Oud-Noord",140,2020-03-01
"1375","2020","03","Oud-Oost",265,2020-03-01
"1376","2020","03","Slotervaart",60,2020-03-01
"1377","2020","03","Watergraafsmeer",80,2020-03-01
"1378","2020","03","Westerpark",215,2020-03-01
"1379","2020","03","Zuid",173,2020-03-01
"1380","2020","04","Bijlmer-Centrum",1,2020-04-01
"1381","2020","04","Bos en Lommer",2,2020-04-01
"1382","2020","04","Buitenveldert - Zuidas",2,2020-04-01
"1383","2020","04","Centrum-Oost",19,2020-04-01
"1384","2020","04","Centrum-West",47,2020-04-01
"1385","2020","04","De Aker - Nieuw Sloten",1,2020-04-01
"1386","2020","04","De Baarsjes - Oud-West",9,2020-04-01
"1387","2020","04","De Pijp - Rivierenbuurt",22,2020-04-01
"1388","2020","04","Gaasperdam - Driemond",1,2020-04-01
"1389","2020","04","Geuzenveld - Slotermeer",3,2020-04-01
"1390","2020","04","IJburg - Zeeburgereiland",3,2020-04-01
"1391","2020","04","Noord-Oost",2,2020-04-01
"1392","2020","04","Oostelijk Havengebied - Indische Buurt",15,2020-04-01
"1393","2020","04","Osdorp",1,2020-04-01
"1394","2020","04","Oud-Noord",2,2020-04-01
"1395","2020","04","Oud-Oost",10,2020-04-01
"1396","2020","04","Slotervaart",5,2020-04-01
"1397","2020","04","Westerpark",6,2020-04-01
"1398","2020","04","Zuid",8,2020-04-01
"1399","2020","05","Bijlmer-Centrum",2,2020-05-01
"1400","2020","05","Bos en Lommer",3,2020-05-01
"1401","2020","05","Buitenveldert - Zuidas",1,2020-05-01
"1402","2020","05","Centrum-Oost",43,2020-05-01
"1403","2020","05","Centrum-West",117,2020-05-01
"1404","2020","05","De Aker - Nieuw Sloten",1,2020-05-01
"1405","2020","05","De Baarsjes - Oud-West",33,2020-05-01
"1406","2020","05","De Pijp - Rivierenbuurt",47,2020-05-01
"1407","2020","05","Gaasperdam - Driemond",4,2020-05-01
"1408","2020","05","Geuzenveld - Slotermeer",9,2020-05-01
"1409","2020","05","IJburg - Zeeburgereiland",21,2020-05-01
"1410","2020","05","Noord-Oost",6,2020-05-01
"1411","2020","05","Noord-West",1,2020-05-01
"1412","2020","05","Oostelijk Havengebied - Indische Buurt",18,2020-05-01
"1413","2020","05","Osdorp",1,2020-05-01
"1414","2020","05","Oud-Noord",9,2020-05-01
"1415","2020","05","Oud-Oost",7,2020-05-01
"1416","2020","05","Slotervaart",6,2020-05-01
"1417","2020","05","Watergraafsmeer",6,2020-05-01
"1418","2020","05","Westerpark",15,2020-05-01
"1419","2020","05","Zuid",17,2020-05-01
"1420","2020","06","Bijlmer-Centrum",8,2020-06-01
"1421","2020","06","Bijlmer-Oost",1,2020-06-01
"1422","2020","06","Bos en Lommer",29,2020-06-01
"1423","2020","06","Buitenveldert - Zuidas",8,2020-06-01
"1424","2020","06","Centrum-Oost",255,2020-06-01
"1425","2020","06","Centrum-West",458,2020-06-01
"1426","2020","06","De Aker - Nieuw Sloten",15,2020-06-01
"1427","2020","06","De Baarsjes - Oud-West",197,2020-06-01
"1428","2020","06","De Pijp - Rivierenbuurt",118,2020-06-01
"1429","2020","06","Gaasperdam - Driemond",12,2020-06-01
"1430","2020","06","Geuzenveld - Slotermeer",20,2020-06-01
"1431","2020","06","IJburg - Zeeburgereiland",43,2020-06-01
"1432","2020","06","Noord-Oost",22,2020-06-01
"1433","2020","06","Noord-West",12,2020-06-01
"1434","2020","06","Oostelijk Havengebied - Indische Buurt",69,2020-06-01
"1435","2020","06","Osdorp",10,2020-06-01
"1436","2020","06","Oud-Noord",65,2020-06-01
"1437","2020","06","Oud-Oost",43,2020-06-01
"1438","2020","06","Slotervaart",76,2020-06-01
"1439","2020","06","Watergraafsmeer",10,2020-06-01
"1440","2020","06","Westerpark",69,2020-06-01
"1441","2020","06","Zuid",50,2020-06-01
"1442","2020","07","Bijlmer-Centrum",37,2020-07-01
"1443","2020","07","Bijlmer-Oost",13,2020-07-01
"1444","2020","07","Bos en Lommer",129,2020-07-01
"1445","2020","07","Buitenveldert - Zuidas",30,2020-07-01
"1446","2020","07","Centrum-Oost",701,2020-07-01
"1447","2020","07","Centrum-West",933,2020-07-01
"1448","2020","07","De Aker - Nieuw Sloten",57,2020-07-01
"1449","2020","07","De Baarsjes - Oud-West",508,2020-07-01
"1450","2020","07","De Pijp - Rivierenbuurt",383,2020-07-01
"1451","2020","07","Gaasperdam - Driemond",37,2020-07-01
"1452","2020","07","Geuzenveld - Slotermeer",47,2020-07-01
"1453","2020","07","IJburg - Zeeburgereiland",82,2020-07-01
"1454","2020","07","Noord-Oost",84,2020-07-01
"1455","2020","07","Noord-West",68,2020-07-01
"1456","2020","07","Oostelijk Havengebied - Indische Buurt",192,2020-07-01
"1457","2020","07","Osdorp",18,2020-07-01
"1458","2020","07","Oud-Noord",180,2020-07-01
"1459","2020","07","Oud-Oost",272,2020-07-01
"1460","2020","07","Slotervaart",178,2020-07-01
"1461","2020","07","Watergraafsmeer",58,2020-07-01
"1462","2020","07","Westerpark",203,2020-07-01
"1463","2020","07","Zuid",148,2020-07-01
"1464","2020","08","Bijlmer-Centrum",45,2020-08-01
"1465","2020","08","Bijlmer-Oost",19,2020-08-01
"1466","2020","08","Bos en Lommer",184,2020-08-01
"1467","2020","08","Buitenveldert - Zuidas",26,2020-08-01
"1468","2020","08","Centrum-Oost",839,2020-08-01
"1469","2020","08","Centrum-West",1141,2020-08-01
"1470","2020","08","De Aker - Nieuw Sloten",52,2020-08-01
"1471","2020","08","De Baarsjes - Oud-West",696,2020-08-01
"1472","2020","08","De Pijp - Rivierenbuurt",465,2020-08-01
"1473","2020","08","Gaasperdam - Driemond",51,2020-08-01
"1474","2020","08","Geuzenveld - Slotermeer",49,2020-08-01
"1475","2020","08","IJburg - Zeeburgereiland",108,2020-08-01
"1476","2020","08","Noord-Oost",104,2020-08-01
"1477","2020","08","Noord-West",105,2020-08-01
"1478","2020","08","Oostelijk Havengebied - Indische Buurt",276,2020-08-01
"1479","2020","08","Osdorp",35,2020-08-01
"1480","2020","08","Oud-Noord",248,2020-08-01
"1481","2020","08","Oud-Oost",349,2020-08-01
"1482","2020","08","Slotervaart",232,2020-08-01
"1483","2020","08","Watergraafsmeer",79,2020-08-01
"1484","2020","08","Westerpark",283,2020-08-01
"1485","2020","08","Zuid",189,2020-08-01
"1486","2020","09","Bijlmer-Centrum",32,2020-09-01
"1487","2020","09","Bijlmer-Oost",4,2020-09-01
"1488","2020","09","Bos en Lommer",71,2020-09-01
"1489","2020","09","Buitenveldert - Zuidas",16,2020-09-01
"1490","2020","09","Centrum-Oost",569,2020-09-01
"1491","2020","09","Centrum-West",839,2020-09-01
"1492","2020","09","De Aker - Nieuw Sloten",29,2020-09-01
"1493","2020","09","De Baarsjes - Oud-West",421,2020-09-01
"1494","2020","09","De Pijp - Rivierenbuurt",283,2020-09-01
"1495","2020","09","Gaasperdam - Driemond",19,2020-09-01
"1496","2020","09","Geuzenveld - Slotermeer",29,2020-09-01
"1497","2020","09","IJburg - Zeeburgereiland",36,2020-09-01
"1498","2020","09","Noord-Oost",26,2020-09-01
"1499","2020","09","Noord-West",30,2020-09-01
"1500","2020","09","Oostelijk Havengebied - Indische Buurt",148,2020-09-01
"1501","2020","09","Osdorp",22,2020-09-01
"1502","2020","09","Oud-Noord",93,2020-09-01
"1503","2020","09","Oud-Oost",124,2020-09-01
"1504","2020","09","Slotervaart",56,2020-09-01
"1505","2020","09","Watergraafsmeer",37,2020-09-01
"1506","2020","09","Westerpark",161,2020-09-01
"1507","2020","09","Zuid",162,2020-09-01
"1508","2020","10","Bijlmer-Centrum",7,2020-10-01
"1509","2020","10","Bos en Lommer",28,2020-10-01
"1510","2020","10","Buitenveldert - Zuidas",11,2020-10-01
"1511","2020","10","Centrum-Oost",280,2020-10-01
"1512","2020","10","Centrum-West",422,2020-10-01
"1513","2020","10","De Aker - Nieuw Sloten",13,2020-10-01
"1514","2020","10","De Baarsjes - Oud-West",180,2020-10-01
"1515","2020","10","De Pijp - Rivierenbuurt",104,2020-10-01
"1516","2020","10","Gaasperdam - Driemond",3,2020-10-01
"1517","2020","10","Geuzenveld - Slotermeer",24,2020-10-01
"1518","2020","10","IJburg - Zeeburgereiland",9,2020-10-01
"1519","2020","10","Noord-Oost",10,2020-10-01
"1520","2020","10","Noord-West",8,2020-10-01
"1521","2020","10","Oostelijk Havengebied - Indische Buurt",70,2020-10-01
"1522","2020","10","Osdorp",4,2020-10-01
"1523","2020","10","Oud-Noord",41,2020-10-01
"1524","2020","10","Oud-Oost",29,2020-10-01
"1525","2020","10","Slotervaart",20,2020-10-01
"1526","2020","10","Watergraafsmeer",8,2020-10-01
"1527","2020","10","Westerpark",40,2020-10-01
"1528","2020","10","Zuid",107,2020-10-01
"1529","2020","11","Bijlmer-Centrum",4,2020-11-01
"1530","2020","11","Bos en Lommer",8,2020-11-01
"1531","2020","11","Buitenveldert - Zuidas",2,2020-11-01
"1532","2020","11","Centrum-Oost",124,2020-11-01
"1533","2020","11","Centrum-West",259,2020-11-01
"1534","2020","11","De Aker - Nieuw Sloten",4,2020-11-01
"1535","2020","11","De Baarsjes - Oud-West",64,2020-11-01
"1536","2020","11","De Pijp - Rivierenbuurt",64,2020-11-01
"1537","2020","11","Gaasperdam - Driemond",6,2020-11-01
"1538","2020","11","Geuzenveld - Slotermeer",17,2020-11-01
"1539","2020","11","IJburg - Zeeburgereiland",5,2020-11-01
"1540","2020","11","Noord-Oost",2,2020-11-01
"1541","2020","11","Noord-West",3,2020-11-01
"1542","2020","11","Oostelijk Havengebied - Indische Buurt",23,2020-11-01
"1543","2020","11","Osdorp",1,2020-11-01
"1544","2020","11","Oud-Noord",19,2020-11-01
"1545","2020","11","Oud-Oost",25,2020-11-01
"1546","2020","11","Slotervaart",13,2020-11-01
"1547","2020","11","Watergraafsmeer",1,2020-11-01
"1548","2020","11","Westerpark",25,2020-11-01
"1549","2020","11","Zuid",44,2020-11-01
"1550","2020","12","Bos en Lommer",2,2020-12-01
"1551","2020","12","Buitenveldert - Zuidas",1,2020-12-01
"1552","2020","12","Centrum-Oost",39,2020-12-01
"1553","2020","12","Centrum-West",51,2020-12-01
"1554","2020","12","De Aker - Nieuw Sloten",2,2020-12-01
"1555","2020","12","De Baarsjes - Oud-West",12,2020-12-01
"1556","2020","12","De Pijp - Rivierenbuurt",13,2020-12-01
"1557","2020","12","Gaasperdam - Driemond",3,2020-12-01
"1558","2020","12","Geuzenveld - Slotermeer",1,2020-12-01
"1559","2020","12","IJburg - Zeeburgereiland",1,2020-12-01
"1560","2020","12","Noord-West",4,2020-12-01
"1561","2020","12","Oostelijk Havengebied - Indische Buurt",6,2020-12-01
"1562","2020","12","Oud-Noord",4,2020-12-01
"1563","2020","12","Oud-Oost",5,2020-12-01
"1564","2020","12","Slotervaart",2,2020-12-01
"1565","2020","12","Westerpark",7,2020-12-01
"1566","2020","12","Zuid",4,2020-12-01
